age,income_section,state,nuts2,education,children,job_field_maingroup,religion,religion_practice,migration_b_germany,migration_b_country,migration_s_germany,migration_s_country,migration_region,subject_well_being,innovation,climate_flood_affect,climate_trust_city,climate_trust_state_gov,climate_trust_nat_gov,climate_trust_companies,climate_trust_scientist,climate_trust_un,climate_trust_eu,politics_orientation,politics_climate,soc_inequ_climate,covid_coping,covid_finance,unemployment_rate,patent,job_Fulltime,job_Lehre,job_Other,job_Parttime,job_Pensioner,job_Selfemployed,job_Student (Uni),"job_Unemployed, job seeking","job_Unemployed, not job seeking",marital_status_Divorced,marital_status_Married,marital_status_Umarried,marital_status_Widowed,gender_Female,gender_Male,politics_vote_AfD,politics_vote_Bündnis 90|Die Grünen,politics_vote_CDU|CSU,politics_vote_Die Linke,politics_vote_FDP,politics_vote_Other,politics_vote_SPD
-0.0276018061883039,-0.006164604289383058,-0.007348266298868466,-0.007348266298871309,-0.000500426883751004,-0.04751984685939683,-0.06549576527658149,-0.0057019272771668406,0.030630588557881568,0.0,0.0,0.0,0.0,-0.029366377425400915,0.040032331575263,0.0017019863590481909,-0.04907275384150274,0.12199129618776212,-0.04381792462831684,-0.19272309570648916,-0.04396831432826396,0.01611245390917062,-0.037071485400995564,0.06906099944806236,-0.052707615885347205,-0.2571163644887934,-0.042973018937953376,-0.08319871626835589,-0.0072714636325750485,-0.010318446685062866,0.024996397755256684,0.23965465093988625,0.0070677120311533285,0.010387455498947151,0.06105174768271957,-0.2854962226518557,0.02209200211584388,0.0008098137406324479,0.008589013514540356,0.005642966504735192,0.04045854928959449,-0.16960658309864657,0.149323988951506,0.0030890124242004546,-0.06054605993512757,-0.006092752854941597,0.08169631595001273,-0.026670664934834765,0.030031189698286952,0.0058697418904382955,0.006829794975601722,0.04470189685968244,0.01276510578053629
-0.0030789773931677146,-0.025428992693705597,-0.007348266298868489,-0.007348266298871286,-0.000500426883750782,-0.04751984685939707,0.021599667272064436,0.02719380701418077,-0.022180771024672953,0.0,0.0,0.0,0.0,-0.029832917697470006,0.03759041496157876,-0.0006136413403373009,0.011139213741551513,-0.10674238343206766,0.1426413299053334,0.24862750741154643,0.10259273171818437,0.1772369831595238,0.20209939546838007,-0.0940752272336897,0.04316911077249257,0.43779272872416186,-0.007162169822992848,-0.08319871626835551,-0.007271463632574915,-0.01031844668506272,0.02499639775525666,-0.39101548311244644,0.007067712031153484,0.01038745549894704,0.061051747682719724,0.12235552399365246,0.022092002115843966,0.0008098137406325146,0.008589013514540333,0.005642966504735281,0.04045854928959445,-0.16960658309864668,0.14932398895150584,0.003089012424200388,0.049537685401467926,0.00498497960858828,-0.42890565873756625,-0.0266706649348347,0.030031189698286907,0.005869741890438274,0.00682979497560181,0.04470189685968251,-0.0020780404759013216
0.020081472024462265,-0.14101532311963644,-0.007348266298868422,-0.00734826629887122,-0.0005004268837502046,0.05006616083554227,0.02159966727206448,-0.005701927277166919,0.030630588557881498,0.0,0.0,0.0,0.0,-0.03066232262559283,-0.013689833925770879,-0.0017714551900297026,-0.018966767924458637,-0.030497824317081944,0.04941170189014392,0.10151063595216854,0.029312209515698816,0.1772369831595228,-0.037071485400995516,-0.039696480520478764,-0.03549897261916535,0.20615636431984327,-0.007162169822992559,-0.03337912417855653,0.05332405364331905,-0.010318446685063076,0.02499639775525684,0.2396546509398862,-0.3463178895265142,0.010387455498947285,0.061051747682719634,0.1223555239936521,0.02209200211584399,0.0008098137406325589,0.008589013514540177,0.005642966504735258,0.04045854928959436,0.17652930077614193,-0.3173134765219507,0.0030890124242004767,0.0495376854014681,0.004984979608588502,0.08169631595001262,0.21578992538184436,0.03003118969828724,0.005869741890438429,0.006829794975601722,0.044701896859682136,-0.0020780404759013437
0.032342886422030724,0.07089294932790563,0.2375939436634134,0.23759394366350586,0.005059871824589002,0.05006616083554176,-0.013238505747393891,-0.005701927277166929,0.030630588557881498,0.0,0.0,0.0,0.0,0.02169386346218156,0.02049699866579573,-0.000613641340336879,0.011139213741551557,0.0457467365040584,-0.04381792462831631,-0.04560622674935515,-0.04396831432826311,-0.14501208493617862,-0.03707148540099523,0.014682261258175955,-0.042874105429046946,0.4377927287241617,0.02864867929196906,0.01644046481995316,-0.06786697711733669,0.3336297761503677,-0.8082168607533022,0.23965465093988633,0.007067712031153306,0.010387455498947217,-0.2980761798626898,0.12235552399365239,0.022092002115843723,0.0008098137406327144,0.008589013514540157,0.005642966504735414,0.04045854928959434,-0.169606583098646,0.14932398895150603,0.0030890124242004546,0.04953768540146786,0.004984979608588858,0.08169631595001263,-0.026670664934834675,0.03003118969828722,0.00586974189043814,0.00682979497560191,-0.27459736642376453,-0.0020780404759014547
-0.012615633035720419,0.09015733773222659,-0.007348266298868334,-0.00734826629887122,-0.0005004268837511594,0.0012731569880725991,0.03901875378179294,0.027193807014180615,-0.07499213060722691,0.0,0.0,0.0,0.0,0.021693863462181252,-0.060086249585754856,-0.0006136413403371899,0.011139213741551423,-0.03049782431708161,0.0494117018901437,0.10151063595216833,-0.04396831432826329,0.17723698315952335,-0.03707148540099523,0.014682261258176043,-0.020748706999400856,0.20615636431984333,-0.007162169822991893,0.01644046481995356,0.053324053643318846,-0.010318446685062854,0.02499639775525675,-0.39101548311244605,0.007067712031153417,0.01038745549894704,0.061051747682719724,0.12235552399365175,0.02209200211584399,0.0008098137406323369,0.008589013514540089,0.005642966504735436,0.04045854928959434,-0.16960658309864635,0.14932398895150606,0.0030890124242004325,0.04953768540146801,0.004984979608588902,0.08169631595001245,-0.0266706649348347,-0.17017674162362623,0.0058697418904385176,0.00682979497560181,0.04470189685968251,-0.0020780404759011216
0.03370526579953881,0.032364172519260846,-0.00734826629886854,-0.007348266298871292,-0.0005004268837508097,0.018809953830448284,0.05643784029152214,0.027193807014180865,-0.07499213060722706,0.0,0.0,0.0,0.0,0.021693863462181336,-0.03566708344892178,-0.0006136413403371288,0.011139213741551439,0.12199129618776199,-0.13704755039841152,-0.19272309570648913,-0.11724883707790809,-0.3061365995347114,-0.15665693736542505,0.06906099944806268,0.01612695709313348,-0.48875272889311205,0.10027037752189141,0.016440464819953225,-0.007271463632575109,-0.010318446685062868,0.02499639775525673,-0.3910154831124463,0.007067712031153367,0.010387455498947129,0.0610517476827195,0.12235552399365213,0.022092002115843928,0.0008098137406325229,0.008589013514540333,0.005642966504735242,-0.22926511264103508,0.1765293007761422,0.14932398895150575,0.0030890124242004408,-0.06054605993512753,-0.006092752854941453,-0.4289056587375665,-0.026670664934834727,0.030031189698287164,0.005869741890438138,0.0068297949756016465,0.04470189685968249,-0.002078040475901399
0.036430024554553776,-0.21807287673692516,-0.007348266298868355,-0.007348266298871397,0.005059871824589423,0.014553476998310022,-0.08291485178631,0.02719380701418077,0.03063058855788121,0.0,0.0,0.0,0.0,-0.030506809201569805,-0.011247917312087807,0.0017019863590484797,0.011139213741551668,-0.030497824317081458,0.04941170189014395,0.10151063595216825,0.029312209515698885,0.17723698315952327,0.08251395695531609,-0.09407522723368944,-0.07483301431499405,0.4377927287241617,0.02864867929196957,0.01644046481995356,-0.007271463632574982,-0.010318446685063033,0.02499639775525675,0.2396546509398864,0.007067712031153373,0.010387455498947106,0.061051747682719704,0.12235552399365204,0.0220920021158439,-0.03968087329099159,0.008589013514540268,0.005642966504735236,0.0404585492895944,0.17652930077614182,-0.31731347652195074,0.0030890124242003215,-0.060546059935127516,-0.006092752854941419,0.08169631595001252,-0.02667066493483461,0.030031189698287265,-0.0430447738632137,0.006829794975601833,0.04470189685968236,-0.0020780404759011884
0.018719092646953907,0.09015733773222653,-0.007348266298868466,-0.007348266298871331,0.005059871824589224,0.05006616083554283,0.0912760133109803,-0.005701927277167074,0.030630588557881498,0.0,0.0,0.0,0.0,-0.030584565913581496,-0.05520241635838805,-0.0006136413403366126,0.011139213741551579,-0.03049782431708157,0.04941170189014379,-0.045606226749355126,0.02931220951569804,0.17723698315952333,0.08251395695531656,0.014682261258176066,-0.023207084602695095,0.43779272872416186,-0.042973018937953536,0.06626005249362452,-0.06786697711733676,-0.010318446685062899,0.02499639775525688,-0.39101548311244644,0.007067712031153283,0.010387455498947262,0.06105174768272024,0.12235552399365231,0.022092002115844056,0.0008098137406324479,0.008589013514540245,0.005642966504735503,0.04045854928959451,-0.16960658309864635,0.14932398895150617,0.0030890124242002547,0.04953768540146848,0.0049849796085887025,0.08169631595001281,0.21578992538184458,0.03003118969828693,0.005869741890438119,0.006829794975601678,0.04470189685968242,-0.0020780404759015436
-0.005803736148182903,0.05162856092358283,-0.007348266298868466,-0.007348266298871175,-0.006060725592090277,0.050066160835542564,0.039018753781793335,-0.005701927277166741,0.03063058855788183,0.0,0.0,0.0,0.0,0.021693863462181828,-0.055202416358389,-0.001771455190029525,0.011139213741551624,-0.10674238343206735,0.14264132990533346,0.248627507411547,0.029312209515699107,0.177236983159523,0.08251395695531652,-0.09407522723368864,0.0013766914733692515,0.43779272872416186,-0.007162169822992381,0.016440464819952826,-0.007271463632574626,-0.010318446685062942,0.024996397755256815,-0.3910154831124465,0.007067712031153394,0.010387455498947285,0.061051747682719794,0.12235552399365224,0.022092002115843813,0.0008098137406324701,0.008589013514540311,0.005642966504735347,-0.22926511264103447,0.17652930077614226,0.14932398895150567,0.0030890124242004104,0.049537685401467815,0.0049849796085884805,0.0816963159500127,-0.026670664934834765,-0.170176741623627,0.005869741890437985,0.006829794975601789,0.04470189685968225,-0.002078040475901477
-0.0330513236983351,0.07089294932790495,-0.007348266298868511,-0.007348266298871198,0.005059871824588669,0.0012731569880724213,-0.013238505747394269,-0.0057019272771670956,0.030630588557881568,0.0,0.0,0.0,0.0,-0.028718404825304432,-0.030783250221555057,-0.0006136413403369012,0.01113921374155138,0.04574673650405832,-0.043817924628316775,-0.045606226749354974,-0.04396831432826402,0.016112453909170755,-0.15665693736542516,0.014682261258176533,-0.023207084602694984,-0.025480000084475197,-0.0071621698229921375,-0.08319871626835566,0.05332405364331878,-0.010318446685062854,0.02499639775525686,0.23965465093988664,0.007067712031153394,0.010387455498947174,0.06105174768271955,-0.28549622265185565,0.022092002115843924,0.0008098137406325811,0.0085890135145402,0.005642966504735369,0.04045854928959427,-0.1696065830986465,0.14932398895150595,0.003089012424200277,-0.060546059935127586,-0.006092752854941286,0.08169631595001285,-0.02667066493483472,0.030031189698287063,0.00586974189043814,0.006829794975601633,0.04470189685968255,0.012765105780536556
-0.0030789773931674037,-0.08322215790667109,-0.007348266298868422,-0.0073482662988712645,-0.0005004268837516479,0.0012731569880723103,-0.048076678766852156,-0.005701927277167141,0.030630588557881543,0.0,0.0,0.0,0.0,0.02169386346218156,0.0009616657563288999,-0.0006136413403370567,0.011139213741551602,-0.030497824317081458,-0.04381792462831617,0.10151063595216822,0.02931220951569835,0.01611245390917084,0.08251395695531649,0.014682261258175755,0.0013766914733694068,-0.02548000008447493,-0.0429730189379528,-0.03337912417855653,-0.06786697711733677,-0.010318446685062965,0.024996397755256684,0.2396546509398858,0.0070677120311533285,-0.33586106113262526,0.06105174768271961,0.12235552399365184,0.022092002115843924,0.0008098137406324701,0.008589013514540311,0.005642966504735303,0.04045854928959449,-0.16960658309864637,0.14932398895150556,0.0030890124242003215,0.04953768540146799,0.004984979608588569,0.08169631595001244,-0.02667066493483472,0.030031189698287265,0.005869741890437941,0.006829794975601678,0.04470189685968244,-0.0020780404759015215
0.007820057626893372,0.07089294932790502,-0.007348266298868644,-0.007348266298871286,0.00505987182458909,0.05006616083554161,0.09127601331097976,-0.0057019272771670956,0.03063058855788121,0.0,0.0,0.0,0.0,-0.030118025641512537,-0.05520241635838892,-0.000613641340337323,0.011139213741551513,-0.030497824317081236,0.0494117018901435,0.10151063595216832,0.029312209515698684,0.01611245390917033,0.08251395695531641,-0.03969648052047951,-0.0010816861299247638,0.20615636431984297,0.028648679291969348,0.0662600524936243,-0.06786697711733695,-0.010318446685062831,0.024996397755256795,-0.39101548311244627,0.007067712031153283,0.010387455498947196,0.061051747682719856,0.12235552399365228,0.0220920021158439,0.0008098137406326699,0.008589013514540268,0.005642966504735369,0.04045854928959445,-0.16960658309864612,0.14932398895150584,0.0030890124242003436,-0.06054605993512725,-0.006092752854941441,0.08169631595001228,-0.026670664934834675,0.030031189698287265,0.005869741890438274,0.006829794975601722,0.04470189685968244,0.012765105780536223
-0.0030789773931675147,-0.08322215790667112,-0.007348266298868556,-0.007348266298871242,-0.0005004268837506043,0.001273156988071933,-0.048076678766852024,-0.005701927277166808,0.03063058855788168,0.0,0.0,0.0,0.0,0.021693863462181162,0.0009616657563279896,-0.0006136413403370122,0.011139213741551423,-0.030497824317081746,-0.043817924628316504,0.10151063595216828,0.02931220951569837,0.016112453909170578,0.0825139569553166,0.014682261258176177,0.0013766914733697399,-0.025480000084475152,-0.042973018937953154,-0.033379124178556464,-0.06786697711733673,-0.010318446685062922,0.02499639775525677,0.23965465093988597,0.00706771203115335,-0.33586106113262515,0.06105174768271959,0.1223555239936521,0.022092002115843834,0.0008098137406324035,0.008589013514540245,0.005642966504735347,0.04045854928959436,-0.16960658309864654,0.14932398895150611,0.0030890124242003436,0.04953768540146801,0.004984979608588414,0.08169631595001284,-0.02667066493483492,0.030031189698286886,0.005869741890438163,0.006829794975601522,0.04470189685968262,-0.0020780404759014547
0.029618127667015614,0.10942172613654874,-0.007348266298868556,-0.007348266298871286,0.0050598718245890685,0.0012731569880723547,0.09127601331098059,0.027193807014180595,-0.02218077102467373,0.0,0.0,0.0,0.0,0.02169386346218143,-0.035667083448921645,0.0017019863590479467,0.011139213741551557,-0.0304978243170811,0.049411701890143524,0.10151063595216828,0.029312209515698195,0.177236983159523,0.08251395695531624,-0.03969648052047916,-0.00845681898293089,0.4377927287241624,-0.0071621698229924705,0.016440464819952826,-0.06786697711733689,-0.010318446685063033,0.024996397755256906,-0.39101548311244594,0.007067712031153239,0.01038745549894724,0.06105174768271959,0.12235552399365249,0.02209200211584388,0.0008098137406324035,0.008589013514540157,0.005642966504735369,0.04045854928959458,-0.16960658309864612,0.14932398895150548,0.0030890124242002994,-0.060546059935127516,-0.0060927528549409304,0.08169631595001263,-0.026670664934834852,0.030031189698286775,0.005869741890438318,0.0068297949756019214,-0.2745973664237637,-0.0020780404759013216
-0.008528494903197698,0.07089294932790524,-0.00734826629886842,-0.0073482662988712645,0.0050598718245892516,0.05006616083554218,0.09127601331097995,0.016228562250398267,-0.23342620935489028,0.0,0.0,0.0,0.0,-0.03040313358555465,0.14503474596364746,0.004017614058433644,0.011139213741551478,0.12199129618776225,-0.1370475503984118,-0.1927230957064892,-0.11724883707790819,-0.14501208493617848,-0.15665693736542524,0.06906099944806277,0.10462855089796678,-0.4887527288931123,-0.04297301893795333,-0.1330182999675113,0.1745150749261444,-0.010318446685063067,0.02499639775525674,-0.39101548311244605,0.007067712031153322,0.010387455498947058,0.061051747682719745,0.1223555239936525,0.022092002115843935,0.0008098137406325479,0.008589013514540283,0.005642966504735258,0.04045854928959432,-0.16960658309864646,0.149323988951506,0.0030890124242003323,-0.06054605993512765,-0.006092752854941601,-0.42890565873756625,-0.026670664934834682,0.030031189698287098,0.005869741890438174,0.006829794975601776,0.044701896859682365,-0.002078040475901348
-0.02760180618830448,-0.00616460428938308,-0.007348266298868489,-0.007348266298871242,-0.0005004268837504044,0.0012731569880728433,-0.08291485178631017,-0.00570192727716694,0.03063058855788141,0.0,0.0,0.0,0.0,-0.028925756057335585,0.01805508205211228,-0.000613641340337323,0.011139213741551357,0.045746736504057785,-0.04381792462831653,-0.19272309570648954,-0.043968314328263536,0.016112453909171022,0.0825139569553163,-0.03969648052047858,0.050544243582374394,-0.025480000084474774,0.028648679291968814,0.01644046481995325,-0.06786697711733676,-0.01031844668506281,0.02499639775525673,0.23965465093988608,0.0070677120311534395,0.01038745549894703,0.06105174768271961,-0.28549622265185526,0.022092002115843924,0.0008098137406325034,0.008589013514540366,0.005642966504735392,0.04045854928959438,-0.16960658309864643,0.14932398895150564,0.003089012424200288,-0.060546059935127586,-0.006092752854941397,-0.42890565873756614,-0.026670664934834564,0.030031189698287008,0.0058697418904384065,0.006829794975601766,0.04470189685968264,-0.002078040475901477
-0.03577608245335047,0.032364172519260645,-0.007348266298868378,-0.00734826629887122,0.005059871824589224,0.0012731569880727544,-0.01323850574739387,-0.005701927277167007,0.03063058855788168,0.0,0.0,0.0,0.0,-0.028718404825304744,-0.01368983392577181,-0.0017714551900292585,0.011139213741551468,-0.030497824317081302,0.1426413299053329,0.24862750741154663,0.02931220951569833,0.17723698315952335,0.08251395695531598,-0.09407522723368911,-0.028123839809283326,-0.025480000084475464,0.06445952840692837,0.016440464819953225,-0.06786697711733694,-0.010318446685063033,0.02499639775525684,0.23965465093988664,0.007067712031153373,0.010387455498947307,0.061051747682719835,-0.28549622265185504,0.022092002115843924,0.0008098137406324923,0.008589013514540333,0.005642966504735458,0.04045854928959436,-0.16960658309864668,0.14932398895150562,0.003089012424200388,-0.06054605993512763,-0.006092752854941841,0.08169631595001256,-0.026670664934835032,-0.1701767416236266,0.0058697418904380735,0.0068297949756015,0.04470189685968238,-0.0020780404759012995
-0.030326564943320023,0.07089294932790464,-0.007348266298868489,-0.0073482662988712645,-0.0005004268837512261,0.05006616083554183,-0.08291485178631067,-0.005701927277167229,0.030630588557881522,0.0,0.0,0.0,0.0,0.02169386346218145,-0.008806000698405092,-0.0006136413403369456,0.011139213741551423,0.04574673650405827,-0.04381792462831755,-0.045606226749355126,0.029312209515698552,-0.14501208493617834,-0.037071485400995564,0.014682261258176111,0.0013766914733693402,-0.025480000084475263,0.028648679291968994,-0.03337912417855682,-0.06786697711733676,-0.010318446685063033,0.02499639775525677,0.2396546509398867,0.007067712031153394,0.010387455498947129,0.06105174768271952,-0.28549622265185537,0.02209200211584399,0.0008098137406324923,0.008589013514540311,0.005642966504735525,0.04045854928959447,0.17652930077614232,0.14932398895150586,-0.3058122299958373,0.04953768540146801,0.0049849796085888135,0.08169631595001263,-0.026670664934834765,-0.17017674162362734,0.0058697418904380735,0.006829794975601633,0.04470189685968255,-0.002078040475901255
-0.009890874280705186,-0.1217509347153152,-0.0073482662988684335,-0.00734826629887122,-0.0005004268837506931,0.0020232835390796788,-0.0829148517863106,0.02719380701418054,-0.07499213060722758,0.0,0.0,0.0,0.0,-0.030610484817585503,0.04003233157526305,0.0063332417578181085,0.011139213741551435,0.04574673650405827,-0.04381792462831687,-0.04560622674935526,-0.04396831432826383,-0.14501208493617834,-0.03707148540099577,0.01468226125817601,-0.01091519658622484,-0.4887527288931123,0.028648679291968772,0.016440464819952982,-0.06786697711733683,-0.010318446685063033,0.024996397755256684,0.23965465093988625,0.007067712031153484,0.010387455498947262,0.06105174768271954,-0.285496222651855,0.0220920021158439,0.0008098137406325589,0.008589013514540344,0.005642966504735347,-0.2292651126410349,0.17652930077614232,0.14932398895150586,0.0030890124242003657,-0.06054605993512761,-0.006092752854941841,0.0816963159500125,-0.02667066493483492,0.030031189698287043,0.005869741890438318,0.006829794975601611,0.04470189685968259,0.012765105780536612
-0.0248770474332894,-0.1024865463109931,-0.0073482662988684,-0.007348266298871242,0.005059871824589224,0.001273156988072155,0.0912760133109797,-0.00570192727716694,-0.022180771024672398,0.0,0.0,0.0,0.0,-0.030532728105573746,0.040032331575262536,-0.0006136413403371899,0.011139213741551402,-0.03049782431708148,0.0494117018901439,0.10151063595216862,0.02931220951569822,0.016112453909170887,0.08251395695531646,-0.03969648052047847,0.003835069076663866,0.20615636431984363,-0.0071621698229920264,0.016440464819952937,-0.06786697711733677,-0.010318446685062922,0.024996397755256795,0.2396546509398863,0.007067712031153394,0.010387455498947106,0.061051747682719724,-0.28549622265185537,0.022092002115843966,0.0008098137406324258,0.008589013514540222,0.005642966504735258,-0.22926511264103516,0.17652930077614198,0.14932398895150573,0.0030890124242004104,0.04953768540146799,0.004984979608588192,0.08169631595001256,-0.026670664934834765,0.03003118969828693,0.005869741890437941,-0.09073870467585252,0.04470189685968251,-0.0020780404759012995
-0.015340391790735953,0.10942172613654881,-0.007348266298868422,-0.007348266298871209,0.005059871824589002,0.05006616083554137,-0.013238505747393759,-0.005701927277167074,0.030630588557881522,0.0,0.0,0.0,0.0,0.021693863462181384,-0.03566708344892183,0.0017019863590483353,0.011139213741551534,0.12199129618776199,-0.13704755039841196,-0.19272309570648938,0.02931220951569872,0.016112453909170876,-0.15665693736542502,0.06906099944806277,0.02841884510960302,-0.25711636448879316,-0.042973018937953564,0.016440464819953503,-0.06786697711733677,-0.010318446685062876,0.02499639775525664,-0.3910154831124465,0.0070677120311533285,0.010387455498947196,0.06105174768271933,0.12235552399365202,0.022092002115843955,0.0008098137406324368,0.008589013514540255,0.005642966504735314,0.040458549289594414,0.1765293007761421,-0.3173134765219502,0.003089012424200355,-0.060546059935127516,-0.006092752854941574,0.0816963159500126,-0.02667066493483471,-0.17017674162362711,0.005869741890438218,0.006829794975601678,0.044701896859682476,-0.002078040475901366
-0.03441370307584313,-0.10248654631099308,-0.007348266298868355,-0.0073482662988712645,0.005059871824589446,0.0012731569880727544,-0.08291485178630997,-0.005701927277166919,0.030630588557881634,0.0,0.0,0.0,0.0,0.021693863462181495,0.11573174659944703,-0.0006136413403373897,0.011139213741551624,-0.030497824317081434,-0.04381792462831655,-0.0456062267493554,-0.04396831432826513,0.17723698315952297,0.08251395695531656,0.014682261258175799,-0.09695841278776465,0.4377927287241613,0.028648679291969414,0.016440464819953114,-0.06786697711733677,-0.010318446685063033,0.02499639775525664,0.23965465093988608,0.007067712031153417,0.010387455498947106,0.06105174768271955,-0.2854962226518558,0.02209200211584399,0.0008098137406323813,0.008589013514540379,0.005642966504735369,0.040458549289594095,-0.16960658309864604,0.14932398895150573,0.0030890124242004104,0.04953768540146799,0.004984979608588458,0.08169631595001273,-0.02667066493483472,0.03003118969828702,-0.04304477386321328,0.006829794975601655,0.04470189685968249,-0.0020780404759014326
-0.019427529923258847,0.07089294932790421,-0.0073482662988684,-0.007348266298871342,0.005059871824588891,0.0012731569880725102,0.09127601331098072,-0.0057019272771669845,0.030630588557881623,0.0,0.0,0.0,0.0,-0.02957372865743115,-0.008806000698404915,-0.001771455190029858,0.01113921374155159,0.04574673650405803,-0.04381792462831615,-0.04560622674935503,0.029312209515698396,0.016112453909171064,-0.1566569373654252,0.06906099944806225,0.013668579489839438,-0.4887527288931124,-0.04297301893795339,0.01644046481995305,-0.0678669771173368,-0.010318446685062854,0.02499639775525684,0.23965465093988594,0.0070677120311532175,0.010387455498947174,0.06105174768271955,-0.28549622265185526,0.022092002115844035,0.0008098137406323924,0.0085890135145403,0.005642966504735347,0.040458549289594394,-0.16960658309864657,0.14932398895150575,0.0030890124242003436,0.04953768540146806,0.004984979608588613,0.08169631595001266,-0.0266706649348347,-0.170176741623627,0.005869741890438119,0.006829794975601855,0.04470189685968249,-0.0020780404759013437
0.009182437004401068,0.09015733773222723,-0.007348266298868355,-0.00734826629887122,-0.0005004268837506043,0.0012731569880728212,0.021599667272063992,-0.005701927277167074,0.030630588557881498,0.0,0.0,0.0,0.0,-0.030403133585554954,0.015613165438428589,0.0017019863590485907,0.011139213741551402,-0.030497824317081635,-0.04381792462831655,-0.045606226749355175,0.029312209515698528,0.016112453909170644,-0.037071485400995405,0.014682261258176111,0.025960467506309204,-0.025480000084475086,-0.007162169822992293,0.01644046481995347,-0.0072714636325751595,-0.010318446685062942,0.02499639775525666,-0.3910154831124462,0.007067712031153417,0.010387455498947196,0.06105174768271968,0.12235552399365238,0.02209200211584388,0.0008098137406323813,0.008589013514540333,0.005642966504735325,0.04045854928959429,-0.16960658309864646,0.14932398895150642,0.0030890124242004325,0.04953768540146804,0.004984979608588458,0.08169631595001267,-0.02667066493483474,0.0300311896982872,0.005869741890438163,0.006829794975601611,-0.2745973664237639,-0.0020780404759013437
0.0119071957594161,0.07089294932790449,-0.007348266298868422,-0.0073482662988712645,-0.0060607255920903215,0.0012731569880725102,-0.08291485178631035,-0.005701927277167074,0.030630588557881432,0.0,0.0,0.0,0.0,0.021693863462181162,-0.033225166835238615,-0.0006136413403368124,0.011139213741551291,-0.03049782431708148,0.049411701890143614,0.10151063595216855,0.02931220951569864,0.016112453909171022,0.08251395695531656,-0.03969648052047929,-0.047790860678759615,0.20615636431984355,-0.0071621698229922485,0.0662600524936243,-0.06786697711733684,-0.010318446685062922,0.024996397755256704,0.2396546509398863,0.0070677120311532175,0.010387455498946907,-0.2980761798626905,0.12235552399365157,0.02209200211584379,0.0008098137406325146,0.0085890135145402,0.005642966504735591,0.04045854928959445,0.1765293007761425,-0.31731347652195063,0.0030890124242004104,0.04953768540146817,0.004984979608588014,0.0816963159500125,-0.0266706649348347,0.030031189698287265,-0.04304477386321357,0.006829794975601522,0.04470189685968229,-0.002078040475901366
-0.037138461830857984,0.03236417251926056,-0.007348266298868466,-0.0073482662988713756,0.005059871824589002,-0.09631285070686615,-0.08291485178631035,-0.00570192727716703,0.030630588557881387,0.0,0.0,0.0,0.0,0.021693863462181072,-0.006364084084721444,-0.0006136413403371677,0.011139213741551402,-0.03049782431708168,0.049411701890143614,0.10151063595216818,0.02931220951569873,0.016112453909170578,0.08251395695531596,-0.03969648052047825,-0.04779086067876015,-0.025480000084474774,0.02864867929196835,0.01644046481995338,-0.06786697711733669,-0.010318446685062831,0.02499639775525675,0.23965465093988608,0.007067712031153283,0.01038745549894724,0.06105174768271968,-0.28549622265185526,0.022092002115843924,0.0008098137406324258,0.008589013514540222,0.005642966504735258,0.04045854928959449,-0.16960658309864646,0.1493239889515059,0.003089012424200277,-0.06054605993512761,-0.006092752854941974,0.08169631595001256,-0.02667066493483472,0.030031189698287265,0.005869741890438096,0.006829794975601722,0.04470189685968242,0.0127651057805372
0.026893368912000316,0.0708929493279051,-0.007348266298868466,-0.007348266298871242,-0.0005004268837507597,0.05006616083554236,0.03901875378179309,-0.005701927277166919,0.030630588557881522,0.0,0.0,0.0,0.0,0.021693863462181405,0.015613165438429211,-0.0006136413403370567,0.011139213741551624,-0.03049782431708159,0.04941170189014408,-0.045606226749355196,0.029312209515698996,0.016112453909170755,0.08251395695531642,-0.03969648052047838,-0.05024923828205317,0.20615636431984335,0.028648679291968526,0.016440464819953426,-0.007271463632574959,-0.01031844668506281,0.024996397755256593,0.23965465093988617,0.0070677120311534395,0.010387455498947373,-0.29807617986269047,0.12235552399365238,0.022092002115843768,0.0008098137406324035,0.008589013514540333,0.005642966504735458,0.04045854928959458,0.17652930077614254,-0.3173134765219496,0.0030890124242002547,0.04953768540146839,0.004984979608588036,0.08169631595001285,0.21578992538184466,0.030031189698287154,0.005869741890438029,0.006829794975601966,0.04470189685968255,-0.002078040475901588
0.007820057626893352,0.05162856092358287,0.2375939436634134,0.23759394366350534,-0.006060725592090055,0.0012731569880727433,0.021599667272063684,-0.00570192727716704,0.030630588557881498,0.0,0.0,0.0,0.0,-0.029521890849423617,0.01805508205211226,-0.000613641340337101,0.011139213741551513,-0.030497824317081514,0.049411701890143614,0.10151063595216861,-0.043968314328263716,0.01611245390917062,0.08251395695531626,0.06906099944806213,0.05546099878896184,-0.2571163644887934,-0.007162169822992526,0.01644046481995317,-0.06786697711733677,0.33362977615036726,-0.8082168607533017,-0.3910154831124461,0.0070677120311533614,0.010387455498947151,0.06105174768271941,0.12235552399365228,0.02209200211584399,0.0008098137406324479,0.008589013514540422,0.005642966504735236,0.04045854928959443,-0.1696065830986466,0.14932398895150606,0.0030890124242004104,-0.06054605993512748,-0.006092752854941497,-0.42890565873756686,-0.02667066493483483,0.030031189698286952,0.005869741890438096,0.006829794975601511,0.04470189685968251,-0.002078040475901355
-0.018065150545751137,-0.14101532311963705,-0.0073482662988684205,-0.007348266298871274,-0.01162102430043008,0.0012731569880728073,-0.08291485178631004,-0.005701927277166882,0.030630588557881516,0.0,0.0,0.0,0.0,0.02169386346218143,0.11817366321313058,0.001701986359048016,0.011139213741551465,-0.030497824317081396,-0.1370475503984121,-0.1927230957064892,-0.11724883707790838,-0.3061365995347118,-0.15665693736542508,0.0690609994480627,0.01612695709313356,-0.2571163644887934,-0.007162169822992159,0.06626005249362417,-0.06786697711733684,-0.010318446685062972,0.024996397755256798,-0.39101548311244605,0.007067712031153357,0.010387455498947205,0.061051747682719724,0.12235552399365208,0.022092002115843914,0.0008098137406324434,0.00858901351454026,0.005642966504735314,0.040458549289594484,0.17652930077614218,-0.3173134765219498,0.0030890124242003215,-0.06054605993512753,-0.006092752854941379,-0.42890565873756625,-0.026670664934834755,0.030031189698287147,0.005869741890438142,0.006829794975601641,0.04470189685968242,-0.0020780404759013936
0.022806230779477354,0.07089294932790513,-0.007348266298868466,-0.007348266298871309,-0.017181323008769685,0.0500661608355419,-0.08291485178631022,-0.0057019272771669655,0.030630588557881568,0.0,0.0,0.0,0.0,-0.029962512217489266,-0.0063640840847213,0.0017019863590481577,-0.049072753841502836,0.12199129618776232,-0.13704755039841204,-0.19272309570648924,-0.11724883707790798,-0.3061365995347113,-0.03707148540099512,0.06906099944806274,0.08004477486502677,-0.25711636448879344,-0.04297301893795326,-0.0831987162683554,0.11391957303349827,-0.01031844668506291,0.02499639775525674,-0.3910154831124464,0.007067712031153412,0.010387455498947257,0.06105174768271958,0.12235552399365208,0.02209200211584389,0.0008098137406325201,0.008589013514540295,0.005642966504735378,0.04045854928959446,-0.16960658309864643,0.14932398895150584,0.0030890124242004434,-0.06054605993512763,-0.00609275285494143,-0.42890565873756625,-0.026670664934834838,0.030031189698287036,0.005869741890438196,0.006829794975601733,0.04470189685968251,-0.002078040475901399
0.017356713269447144,-0.025428992693705042,-0.007348266298868533,-0.007348266298871309,-0.000500426883750893,0.011148907457821156,0.03901875378179296,0.027193807014180636,-0.07499213060722702,0.0,0.0,0.0,0.0,0.021693863462181696,-0.030783250221555016,-0.0006136413403371455,0.011139213741551402,-0.10674238343206781,0.049411701890143565,0.10151063595216844,0.029312209515698618,0.0161124539091708,0.08251395695531631,-0.03969648052047865,0.07512801961531453,-0.025480000084474975,0.02864867929196937,0.016440464819953093,-0.06786697711733658,-0.010318446685062965,0.02499639775525677,-0.3910154831124462,0.007067712031153262,0.01038745549894724,0.061051747682719634,0.12235552399365246,0.022092002115844035,0.0008098137406324258,0.008589013514540157,0.005642966504735303,0.04045854928959443,0.17652930077614237,-0.31731347652194974,0.0030890124242003657,-0.06054605993512761,-0.006092752854941552,0.08169631595001245,-0.02667066493483452,-0.17017674162362684,0.005869741890438385,0.006829794975601722,0.0447018968596824,-0.0020780404759014326
-0.0030789773931672814,0.03236417251926117,-0.0073482662988684335,-0.007348266298871276,0.0050598718245891015,0.0038685705803824856,-0.08291485178631039,-0.005701927277166957,0.030630588557881443,0.0,0.0,0.0,0.0,-0.02998843112149311,0.018055082052112592,-0.0006136413403370677,0.01113921374155159,-0.030497824317081423,0.049411701890143725,-0.19272309570648924,0.02931220951569844,0.01611245390917076,-0.1566569373654251,0.06906099944806257,-0.09695841278776421,-0.48875272889311194,-0.007162169822992115,-0.03337912417855638,0.11391957303349856,-0.010318446685062871,0.02499639775525666,-0.39101548311244605,0.007067712031153311,0.010387455498947313,0.06105174768271966,0.12235552399365243,0.02209200211584388,0.0008098137406324591,0.008589013514540288,0.005642966504735347,0.040458549289594345,0.17652930077614232,-0.31731347652194974,0.003089012424200399,-0.060546059935127475,-0.006092752854941419,0.08169631595001263,-0.026670664934834887,0.03003118969828713,-0.04304477386321365,0.006829794975601722,0.0447018968596826,-0.002078040475901399
0.04187954206458459,0.051628560923583325,-0.007348266298868466,-0.0073482662988713756,-0.006060725592090299,0.02098632511125855,0.03901875378179311,0.027193807014180636,-0.02218077102467273,0.0,0.0,0.0,0.0,0.021693863462181516,-0.05520241635838898,0.0017019863590482132,0.01113921374155138,0.04574673650405818,-0.043817924628316685,-0.04560622674935562,-0.04396831432826309,0.01611245390917069,-0.03707148540099534,0.014682261258176288,0.03579397791948591,-0.025480000084474617,-0.04297301893795298,0.016440464819953184,0.05332405364331931,-0.010318446685062942,0.024996397755256927,0.23965465093988625,-0.34631788952651466,0.010387455498947196,0.06105174768271955,0.12235552399365213,0.02209200211584399,0.0008098137406325589,0.008589013514540333,0.005642966504735214,0.04045854928959427,0.17652930077614243,-0.3173134765219501,0.0030890124242004546,0.04953768540146797,0.004984979608588347,0.0816963159500124,-0.02667066493483461,0.030031189698287088,0.00586974189043814,-0.09073870467585148,0.04470189685968238,-0.0020780404759012995
-0.024877047433289022,-0.10248654631099337,-0.007348266298868422,-0.007348266298871286,0.005059871824589135,0.0500661608355417,-0.08291485178630995,-0.00570192727716703,0.030630588557880766,0.0,0.0,0.0,0.0,0.021693863462181228,0.01805508205211228,-0.0006136413403368124,0.01113921374155138,-0.030497824317081458,0.04941170189014377,-0.045606226749355036,0.029312209515698528,0.016112453909170887,0.08251395695531578,0.014682261258176066,-0.05024923828205361,0.2061563643198438,-0.04297301893795287,-0.03337912417855633,-0.06786697711733687,-0.01031844668506281,0.02499639775525655,0.23965465093988633,0.007067712031153172,0.010387455498947129,0.0610517476827195,-0.28549622265185565,0.022092002115844077,0.0008098137406324701,0.008589013514540245,0.005642966504735236,-0.2292651126410361,0.17652930077614165,0.14932398895150584,0.0030890124242004546,0.04953768540146799,0.004984979608588414,0.08169631595001262,-0.02667066493483474,0.03003118969828735,-0.043044773863213905,0.006829794975601611,0.0447018968596824,-0.0020780404759014547
0.03234288642203187,0.07089294932790513,-0.0073482662988686,-0.007348266298871331,-0.011621024300430393,0.01828594903846874,0.03901875378179316,-0.0057019272771668735,0.030630588557881387,0.0,0.0,0.0,0.0,0.021693863462181318,0.1401509127362816,0.006333241757818508,0.011139213741551357,0.045746736504058715,-0.04381792462831633,-0.04560622674935524,0.029312209515698927,0.016112453909170755,-0.03707148540099543,-0.039696480520478764,-0.010915196586224196,-0.025480000084475086,-0.007162169822991915,0.06626005249362425,-0.0678669771173365,-0.010318446685062854,0.02499639775525673,-0.39101548311244627,0.007067712031153417,0.010387455498947085,0.061051747682719856,0.12235552399365253,0.02209200211584379,0.0008098137406325368,0.0085890135145404,0.005642966504735325,0.04045854928959443,0.17652930077614273,-0.3173134765219498,0.0030890124242004104,0.04953768540146799,0.004984979608588414,0.08169631595001259,-0.026670664934834765,0.03003118969828731,0.0058697418904380076,0.006829794975601699,-0.27459736642376387,-0.0020780404759011884
-0.01534039179073594,-0.0254289926937048,-0.0073482662988686,-0.007348266298871309,-0.000500426883750582,0.001273156988072488,-0.03065759225712301,-0.005701927277166896,0.03063058855788201,0.0,0.0,0.0,0.0,-0.029210864001377047,0.015613165438429078,-0.0006136413403370344,0.011139213741551668,-0.030497824317081146,0.04941170189014414,0.10151063595216867,0.029312209515698705,0.17723698315952321,0.08251395695531638,-0.03969648052047838,-0.050249238282053056,0.2061563643198431,-0.04297301893795371,0.016440464819953114,-0.06786697711733661,-0.010318446685062987,0.024996397755256684,-0.3910154831124461,0.007067712031153394,0.010387455498947196,0.061051747682719704,0.12235552399365243,0.022092002115843966,0.0008098137406324701,0.008589013514540356,0.005642966504735325,-0.2292651126410349,0.1765293007761422,0.14932398895150575,0.0030890124242003215,-0.060546059935127516,-0.006092752854941774,0.08169631595001262,-0.026670664934834786,0.030031189698287265,-0.043044773863212635,0.00682979497560181,0.04470189685968253,-0.0020780404759013884
0.018719092646954726,0.09015733773222676,-0.007348266298868445,-0.0073482662988712645,-0.0005004268837508485,0.009486841821460645,0.0390187537817928,-0.005701927277167051,0.03063058855788168,0.0,0.0,0.0,0.0,-0.030688241529596993,-0.008806000698404582,-0.0006136413403373897,0.011139213741551334,-0.030497824317081545,0.04941170189014377,0.10151063595216876,0.029312209515698396,0.016112453909170356,0.08251395695531638,-0.039696480520478694,-0.04533248303234159,0.20615636431984327,0.02864867929196857,0.016440464819952982,-0.06786697711733654,-0.010318446685062899,0.02499639775525686,-0.3910154831124465,0.007067712031153417,0.010387455498947307,0.06105174768271955,0.12235552399365208,0.0220920021158439,0.0008098137406325146,0.008589013514540268,0.005642966504735258,0.04045854928959438,0.17652930077614187,-0.3173134765219496,0.0030890124242002994,0.04953768540146806,0.004984979608588502,0.08169631595001262,-0.026670664934834942,0.03003118969828693,-0.0430447738632133,0.006829794975601789,0.04470189685968238,-0.0020780404759012995
0.03098050704452362,0.07089294932790488,-0.007348266298868267,-0.007348266298871353,0.005059871824589735,0.050066160835541676,0.0912760133109802,-0.00570192727716694,0.03063058855788172,0.0,0.0,0.0,0.0,-0.030636403721589333,-0.04055091667628841,-0.0006136413403367902,0.011139213741551357,-0.03049782431708139,0.049411701890143586,0.10151063595216878,0.029312209515698552,0.17723698315952346,0.08251395695531602,-0.0396964805204784,-0.05024923828205359,0.206156364319844,0.028648679291968702,0.01644046481995314,-0.06786697711733662,-0.010318446685062965,0.02499639775525688,0.2396546509398863,0.007067712031153306,-0.33586106113262476,0.061051747682719794,0.12235552399365242,0.0220920021158439,0.0008098137406324701,0.008589013514540356,0.005642966504735414,0.04045854928959462,-0.16960658309864676,0.14932398895150634,0.003089012424200388,0.04953768540146823,0.004984979608588657,0.08169631595001255,-0.026670664934834897,0.0300311896982872,0.005869741890438429,0.00682979497560181,0.04470189685968242,0.012765105780536556
0.0023705401168631736,0.09015733773222664,-0.007348266298868466,-0.0073482662988713756,-0.0005004268837503822,0.05006616083554196,-0.03065759225712359,-0.005701927277167007,-0.022180771024672398,0.0,0.0,0.0,0.0,-0.029366377425401092,0.01805508205211228,0.0017019863590479688,0.011139213741551402,0.045746736504057674,-0.043817924628316705,-0.04560622674935537,0.02931220951569844,0.016112453909171078,-0.03707148540099536,0.014682261258175844,-0.0428741054290475,-0.2571163644887938,-0.007162169822992515,0.016440464819952892,-0.06786697711733687,-0.010318446685062942,0.02499639775525676,-0.3910154831124466,0.007067712031153373,0.010387455498947129,0.061051747682719724,0.12235552399365227,0.022092002115844077,0.0008098137406324923,0.008589013514540288,0.005642966504735392,0.04045854928959449,-0.16960658309864624,0.14932398895150592,0.003089012424200277,-0.060546059935127516,-0.006092752854941419,0.08169631595001266,-0.02667066493483474,0.030031189698287154,-0.04304477386321297,0.006829794975601533,0.04470189685968242,-0.0020780404759013437
0.02689336891199958,0.07089294932790494,-0.0073482662988684,-0.0073482662988713756,0.005059871824588868,0.0012731569880729322,-0.06549576527658105,0.02719380701418086,-0.022180771024672974,0.0,0.0,0.0,0.0,0.021693863462181273,-0.05031858313102315,-0.0006136413403371899,0.011139213741551468,-0.030497824317081413,0.049411701890143635,0.10151063595216803,-0.04396831432826356,0.17723698315952302,0.08251395695531624,-0.03969648052047865,0.01858533469642778,0.20615636431984363,0.028648679291968702,0.016440464819953114,-0.06786697711733672,-0.010318446685062854,0.02499639775525675,-0.3910154831124461,0.007067712031153394,0.010387455498947262,0.06105174768271959,0.12235552399365235,0.022092002115843924,0.0008098137406323591,0.008589013514540311,0.005642966504735236,0.0404585492895944,0.17652930077614176,-0.3173134765219499,0.0030890124242004325,0.049537685401467815,0.0049849796085884805,0.08169631595001267,-0.026670664934834654,0.03003118969828682,0.005869741890438274,-0.0907387046758515,0.04470189685968244,-0.0020780404759011884
0.014631954514431712,-0.0061646042893830355,-0.007348266298868489,-0.007348266298871397,-0.01718132300877041,0.050066160835541995,-0.0829148517863103,-0.005701927277166929,0.030630588557881443,0.0,0.0,0.0,0.0,0.02169386346218146,-0.011247917312088384,0.0017019863590478357,0.011139213741551569,0.1219912961877621,-0.13704755039841185,-0.19272309570648893,-0.11724883707790827,-0.3061365995347115,-0.1566569373654251,0.06906099944806257,0.0013766914733693847,-0.25711636448879344,0.02864867929196916,-0.03337912417855652,0.05332405364331881,-0.010318446685062942,0.02499639775525684,-0.3910154831124462,0.007067712031153394,0.010387455498947096,0.0610517476827198,0.12235552399365242,0.022092002115843744,0.0008098137406325034,0.008589013514540268,0.005642966504735325,0.04045854928959426,0.1765293007761422,-0.31731347652194997,0.003089012424200377,0.049537685401467926,0.00498497960858858,0.08169631595001273,-0.02667066493483481,0.03003118969828724,0.005869741890438274,0.006829794975601722,0.044701896859682476,-0.002078040475901255
-0.030326564943319534,0.0708929493279044,-0.007348266298868311,-0.0073482662988712645,0.005059871824588802,-0.19389885840180568,-0.08291485178631042,-0.00570192727716694,0.030630588557881477,0.0,0.0,0.0,0.0,-0.02959964756143545,-0.05520241635838856,-0.0017714551900299246,0.011139213741551723,-0.030497824317081722,0.049411701890143475,0.10151063595216851,0.029312209515698705,0.17723698315952252,0.08251395695531634,0.014682261258175422,0.0013766914733690737,0.43779272872416153,-0.007162169822992337,0.06626005249362421,-0.06786697711733666,-0.010318446685062831,0.024996397755256815,0.23965465093988597,0.007067712031153417,0.010387455498947129,0.06105174768271902,-0.28549622265185504,0.022092002115843834,0.0008098137406324035,0.008589013514540556,0.005642966504735436,0.04045854928959414,-0.16960658309864665,0.1493239889515055,0.0030890124242003657,-0.060546059935127294,-0.006092752854941863,0.08169631595001259,-0.02667066493483472,0.03003118969828731,0.005869741890437941,0.0068297949756012995,0.04470189685968264,0.012765105780537
0.022806230779477875,-0.0061646042893831465,-0.007348266298868533,-0.007348266298871286,-0.011621024300429727,0.010062460736014666,0.03901875378179302,-0.005701927277167141,0.03063058855788161,0.0,0.0,0.0,0.0,-0.029832917697470384,-0.07473774926785559,-0.001771455190029947,-0.07917873275684399,-0.1067423834320679,0.04941170189014339,0.10151063595216851,0.02931220951569884,0.1772369831595231,0.20209939546838035,-0.039696480520478826,0.003835069076663866,0.2061563643198439,-0.007162169822992159,0.01644046481995316,0.11391957303349882,-0.010318446685062743,0.02499639775525695,-0.39101548311244605,0.0070677120311533285,0.010387455498947129,0.06105174768271966,0.12235552399365208,0.022092002115843834,0.0008098137406323591,0.008589013514540157,0.005642966504735525,0.04045854928959447,-0.16960658309864646,0.14932398895150606,0.0030890124242003215,0.04953768540146799,0.004984979608588525,0.08169631595001281,-0.02667066493483452,-0.17017674162362714,0.005869741890438362,0.006829794975601833,0.04470189685968242,-0.0020780404759015215
0.010544816381909123,-0.0061646042893827415,-0.007348266298868411,-0.0073482662988712645,-0.0005004268837506293,0.00780725360078025,0.03901875378179309,0.027193807014180636,0.030630588557881578,0.0,0.0,0.0,0.0,-0.030066187833505086,0.0913125804626135,-0.0006136413403368901,0.011139213741551367,0.1219912961877621,-0.1370475503984118,-0.19272309570648913,-0.11724883707790801,-0.14501208493617854,-0.1566569373654252,0.06906099944806264,0.025960467506309447,0.20615636431984324,-0.04297301893795338,-0.03337912417855654,-0.007271463632575003,-0.010318446685062942,0.024996397755256815,0.23965465093988633,0.0070677120311532894,0.010387455498947162,0.06105174768271972,0.12235552399365197,-0.714308068412287,0.0008098137406324368,0.008589013514540333,0.005642966504735355,0.04045854928959444,0.17652930077614268,-0.31731347652195047,0.003089012424200355,0.04953768540146794,0.004984979608588291,-0.42890565873756625,-0.026670664934834932,0.030031189698287185,0.0058697418904382626,0.00682979497560165,0.044701896859682386,-0.0020780404759013827
-0.003078977393167237,0.0516285609235829,-0.007348266298868478,-0.007348266298871231,-0.0005004268837507597,-0.19389885840180648,0.021599667272064048,-0.005701927277166919,0.03063058855788161,0.0,0.0,0.0,0.0,0.02169386346218165,-0.05520241635838889,-0.001771455190029647,0.01113921374155149,-0.0304978243170815,-0.0438179246283165,-0.19272309570648927,0.10259273171818435,0.17723698315952352,-0.15665693736542535,0.0690609994480623,0.018585334696427668,-0.2571163644887939,-0.04297301893795347,0.01644046481995346,0.1139195730334978,-0.010318446685063076,0.02499639775525675,-0.391015483112446,0.007067712031153283,0.010387455498947273,0.061051747682719724,0.12235552399365182,0.022092002115843768,0.0008098137406325811,0.008589013514540344,0.005642966504735392,0.04045854928959436,-0.16960658309864615,0.14932398895150584,0.003089012424200399,0.04953768540146802,0.004984979608588536,-0.4289056587375667,-0.026670664934834755,0.030031189698287043,0.005869741890438196,0.006829794975601655,0.04470189685968241,-0.0020780404759014547
-0.0071661155256899315,0.051628560923582964,-0.007348266298868511,-0.007348266298871309,-0.01162102430042986,-0.04751984685939685,0.02159966727206384,0.027193807014181393,-0.07499213060722767,0.0,0.0,0.0,0.0,0.02169386346218156,-0.025899416994188296,-0.0006136413403374785,0.011139213741551557,-0.030497824317081302,0.04941170189014421,0.10151063595216854,0.029312209515698795,0.016112453909170578,-0.03707148540099545,0.014682261258175977,0.013668579489839617,-0.02548000008447395,-0.007162169822992004,-0.03337912417855606,-0.0678669771173368,-0.01031844668506301,0.024996397755256795,0.23965465093988597,0.00706771203115335,0.010387455498947085,-0.2980761798626892,0.1223555239936521,0.022092002115843855,0.0008098137406325368,0.008589013514540333,0.005642966504735369,0.0404585492895944,-0.16960658309864654,0.14932398895150592,0.0030890124242003436,0.04953768540146799,0.004984979608588613,0.0816963159500127,-0.026670664934834786,-0.17017674162362692,0.005869741890438452,0.006829794975601544,0.04470189685968264,-0.0020780404759014547
-0.009890874280705541,0.07089294932790462,-0.007348266298868445,-0.00734826629887122,0.00505987182458878,0.0012731569880725102,-0.08291485178631024,-0.005701927277166896,0.03063058855788159,0.0,0.0,0.0,0.0,-0.029806998793466332,-0.03322516683523811,-0.001771455190029214,0.011139213741551602,-0.030497824317081746,0.04941170189014341,0.1015106359521684,0.029312209515698483,0.016112453909170866,0.08251395695531671,0.014682261258175577,-0.04779086067875982,-0.02548000008447504,-0.0071621698229922485,0.01644046481995336,0.05332405364331905,-0.010318446685062788,0.02499639775525673,0.23965465093988647,0.007067712031153394,0.010387455498947217,0.06105174768271966,0.12235552399365221,-0.714308068412287,0.0008098137406324258,0.008589013514540177,0.005642966504735258,0.04045854928959443,-0.16960658309864635,0.14932398895150556,0.0030890124242004767,0.04953768540146806,0.004984979608588525,0.08169631595001245,-0.02667066493483472,0.03003118969828693,0.005869741890438163,0.006829794975601766,0.04470189685968264,-0.0020780404759013437
0.022806230779477625,0.07089294932790488,-0.007348266298868461,-0.007348266298871342,-0.017181323008769716,0.05006616083554209,-0.08291485178631036,-0.005701927277166935,0.030630588557881377,0.0,0.0,0.0,0.0,-0.029962512217489155,-0.006364084084721488,0.0017019863590479745,-0.049072753841503,0.1219912961877622,-0.1370475503984119,-0.19272309570648935,-0.11724883707790812,-0.3061365995347115,-0.037071485400995,0.06906099944806292,0.08004477486502683,-0.2571163644887935,-0.04297301893795345,-0.08319871626835554,0.1139195730334984,-0.010318446685062831,0.024996397755256843,-0.3910154831124463,0.007067712031153283,0.01038745549894723,0.06105174768271963,0.12235552399365217,0.02209200211584378,0.0008098137406324258,0.0085890135145403,0.005642966504735359,0.040458549289594616,-0.16960658309864626,0.14932398895150584,0.003089012424200388,-0.06054605993512756,-0.0060927528549412965,-0.4289056587375663,-0.026670664934834665,0.030031189698287174,0.00586974189043824,0.00682979497560175,0.04470189685968266,-0.0020780404759013493
0.044604300819599985,0.051628560923583235,-0.007348266298868489,-0.007348266298871575,-0.006060725592090477,0.020759045014095645,-0.08291485178631026,0.027193807014180726,-0.022180771024672797,0.0,0.0,0.0,0.0,0.021693863462181516,0.018055082052112748,-0.0006136413403368346,0.011139213741551312,-0.030497824317081347,0.04941170189014386,-0.04560622674935542,0.10259273171818473,0.17723698315952285,0.08251395695531645,-0.0396964805204784,-0.03549897261916566,0.20615636431984347,-0.007162169822992004,0.01644046481995336,0.053324053643318756,-0.010318446685062942,0.02499639775525688,0.2396546509398864,0.007067712031153484,0.01038745549894744,0.061051747682719947,0.12235552399365239,0.02209200211584399,-0.03968087329099126,0.008589013514540245,0.005642966504735414,0.040458549289594206,0.17652930077614176,-0.3173134765219496,0.0030890124242004767,-0.060546059935127475,-0.006092752854941974,0.08169631595001244,-0.026670664934834786,0.03003118969828702,-0.04304477386321313,0.006829794975601678,0.044701896859682864,-0.0020780404759011884
-0.003078977393167359,0.051628560923582555,-0.007348266298868455,-0.007348266298871286,-0.0005004268837507486,-0.19389885840180546,0.02159966727206395,-0.005701927277166929,0.0306305885578818,0.0,0.0,0.0,0.0,0.021693863462181273,-0.05520241635838889,-0.001771455190029736,0.011139213741551645,-0.03049782431708139,-0.043817924628316574,-0.19272309570648935,0.10259273171818459,0.1772369831595228,-0.15665693736542535,0.06906099944806218,0.018585334696427314,-0.2571163644887938,-0.04297301893795345,0.01644046481995315,0.11391957303349816,-0.010318446685062866,0.02499639775525666,-0.3910154831124461,0.0070677120311534395,0.010387455498947217,0.061051747682719815,0.12235552399365204,0.022092002115844,0.0008098137406325146,0.008589013514540233,0.005642966504735414,0.040458549289594394,-0.1696065830986465,0.1493239889515058,0.003089012424200377,0.04953768540146797,0.004984979608588502,-0.4289056587375666,-0.026670664934834675,0.03003118969828711,0.00586974189043823,0.006829794975601789,0.04470189685968247,-0.0020780404759013103
-0.004441356770674509,-0.04469338109802716,-0.007348266298868445,-0.007348266298871331,-0.0005004268837503379,0.0012731569880723326,0.021599667272064083,-0.005701927277167074,0.030630588557881522,0.0,0.0,0.0,0.0,0.02169386346218142,-0.008806000698405115,-0.00061364134033699,0.011139213741551468,-0.030497824317081434,-0.04381792462831655,-0.045606226749355015,0.029312209515698927,0.016112453909170977,-0.037071485400995384,0.014682261258176243,0.021043712299721528,-0.025480000084474617,-0.04297301893795304,0.016440464819953492,0.05332405364331901,-0.010318446685062798,0.024996397755256795,-0.3910154831124464,0.007067712031153461,0.010387455498947073,0.06105174768271948,0.12235552399365243,0.022092002115843855,0.0008098137406325479,0.008589013514540311,0.005642966504735281,-0.22926511264103397,0.1765293007761425,0.14932398895150625,0.0030890124242003436,0.04953768540146795,0.004984979608588546,-0.4289056587375663,-0.026670664934834575,0.030031189698286876,0.005869741890437996,0.0068297949756017775,0.044701896859682365,-0.0020780404759012327
-0.020789909300766362,-0.1795440999282806,-0.007348266298868511,-0.007348266298871331,-0.0005004268837501602,0.05006616083554236,0.03901875378179369,0.0052633174866155265,-0.022180771024672974,0.0,0.0,0.0,0.0,0.021693863462181405,0.06689341432577982,-0.0006136413403369679,0.01113921374155138,-0.0304978243170815,-0.043817924628316726,-0.045606226749355196,0.02931220951569864,0.01611245390917082,0.08251395695531623,0.014682261258176555,0.018585334696427914,-0.025480000084474642,0.02864867929196826,0.016440464819952982,-0.06786697711733676,-0.01031844668506272,0.024996397755256815,0.23965465093988633,0.007067712031153373,0.010387455498947151,0.0610517476827195,-0.2854962226518555,0.022092002115844035,0.0008098137406324479,0.008589013514540333,0.005642966504735258,0.04045854928959423,0.17652930077614223,-0.3173134765219491,0.0030890124242003657,0.04953768540146779,0.004984979608589235,0.08169631595001266,-0.026670664934834942,-0.17017674162362617,0.005869741890438429,0.006829794975601655,0.04470189685968236,-0.0020780404759013216
-0.01806515054575155,-0.025428992693704865,-0.007348266298868334,-0.007348266298871309,-0.0005004268837506265,0.00044512643537339967,-0.08291485178631011,-0.005701927277166852,-0.022180771024672752,0.0,0.0,0.0,0.0,0.021693863462181384,-0.05520241635838878,-0.0006136413403370122,0.01113921374155149,-0.030497824317081236,0.049411701890143434,0.10151063595216847,0.029312209515698684,0.016112453909170887,0.08251395695531646,-0.03969648052047849,0.0013766914733699843,-0.025480000084474885,0.0644595284069305,0.01644046481995325,-0.06786697711733687,-0.01031844668506301,0.024996397755256684,0.23965465093988664,0.007067712031153417,0.010387455498947129,0.061051747682719634,-0.28549622265185526,0.022092002115843924,0.0008098137406324258,0.008589013514540268,0.00564296650473548,0.04045854928959443,0.17652930077614207,0.14932398895150564,-0.30581222999583696,0.049537685401467926,0.004984979608589168,0.08169631595001262,-0.026670664934834453,-0.17017674162362656,0.0058697418904380735,0.006829794975601611,0.04470189685968233,-0.0020780404759012773
-0.020789909300766483,-0.006164604289383302,-0.007348266298868611,-0.007348266298871342,0.005059871824589157,0.0012731569880726989,0.03901875378179322,-0.005701927277167063,0.0306305885578816,0.0,0.0,0.0,0.0,-0.029962512217489377,-0.006364084084721255,-0.001771455190029625,0.011139213741551534,0.12199129618776224,-0.13704755039841174,-0.19272309570648977,-0.04396831432826378,-0.1450120849361785,-0.15665693736542532,0.06906099944806246,0.03825235556590394,-0.25711636448879344,-0.04297301893795332,0.016440464819953114,-0.06786697711733664,-0.01031844668506291,0.024996397755256694,0.23965465093988642,0.007067712031153306,0.010387455498947174,0.0610517476827198,-0.2854962226518549,0.0220920021158439,0.0008098137406324368,0.008589013514540167,0.005642966504735458,0.04045854928959456,-0.16960658309864632,0.14932398895150564,0.0030890124242004104,0.04953768540146804,0.004984979608588513,-0.428905658737566,-0.02667066493483463,0.030031189698286963,0.005869741890438119,0.006829794975601655,0.044701896859682455,-0.002078040475901255
-0.024877047433289244,-0.12175093471531506,-0.007348266298868511,-0.007348266298871131,0.0050598718245889575,0.0012731569880727988,0.09127601331098037,-0.005701927277166896,-0.022180771024672974,0.0,0.0,0.0,0.0,-0.02887391824932759,0.018055082052112703,-0.0006136413403369679,0.011139213741551357,0.04574673650405796,-0.13704755039841193,-0.19272309570648932,0.029312209515698552,-0.14501208493617798,-0.1566569373654255,0.06906099944806202,0.016126957093133297,-0.025480000084475242,-0.007162169822992182,-0.033379124178556284,0.11391957303349813,-0.010318446685062831,0.024996397755256795,0.23965465093988647,0.007067712031153484,0.010387455498947174,0.06105174768271959,-0.2854962226518554,0.022092002115843855,0.0008098137406325368,0.008589013514540222,0.005642966504735347,0.04045854928959445,-0.16960658309864662,0.14932398895150584,0.0030890124242003215,-0.06054605993512765,-0.006092752854941663,0.08169631595001262,-0.0266706649348347,0.030031189698286907,0.005869741890438163,0.00682979497560181,0.04470189685968242,-0.0020780404759014105
-0.005803736148183058,0.09015733773222674,-0.007348266298868533,-0.0073482662988712645,0.005059871824589201,0.050066160835541496,-0.013238505747394113,-0.00570192727716694,0.03063058855788119,0.0,0.0,0.0,0.0,0.021693863462181807,-0.05520241635838861,-0.0017714551900301467,0.011139213741551534,0.045746736504057806,0.0494117018901433,0.10151063595216855,0.02931220951569837,-0.1450120849361786,0.08251395695531642,0.014682261258175932,0.01612695709313372,-0.4887527288931123,0.02864867929196868,0.016440464819953336,0.1745150749261447,-0.010318446685062876,0.024996397755256684,-0.3910154831124461,0.007067712031153417,0.010387455498947285,0.061051747682719634,0.12235552399365257,0.022092002115843813,0.0008098137406324701,0.008589013514540157,0.005642966504735281,0.040458549289594206,0.1765293007761422,-0.31731347652194986,0.0030890124242003657,0.04953768540146786,0.004984979608588546,0.08169631595001295,-0.026670664934834675,0.030031189698286866,0.0058697418904380735,-0.09073870467585132,0.04470189685968242,-0.002078040475901366
-0.0003542186381519874,0.051628560923582575,-0.007348266298868466,-0.007348266298871309,-0.0005004268837506542,0.050066160835542405,-0.06549576527658142,-0.005701927277167005,0.030630588557881526,0.0,0.0,0.0,0.0,0.021693863462181384,0.14015091273628055,-0.0017714551900294417,0.011139213741551468,0.1219912961877622,-0.1370475503984119,-0.19272309570648927,-0.11724883707790792,-0.3061365995347116,-0.15665693736542521,0.06906099944806257,0.013668579489839627,-0.4887527288931121,-0.042973018937953314,0.0662600524936242,-0.06786697711733679,-0.010318446685062916,0.024996397755256673,-0.39101548311244627,0.007067712031153424,0.010387455498947129,0.061051747682719634,0.12235552399365217,0.02209200211584401,0.0008098137406323886,0.008589013514540288,0.005642966504735325,-0.22926511264103516,0.17652930077614254,0.14932398895150592,0.0030890124242003735,-0.06054605993512761,-0.0060927528549415185,-0.4289056587375663,-0.026670664934834627,0.030031189698287254,0.005869741890438219,0.006829794975601644,0.044701896859682476,-0.002078040475901294
0.007820057626894038,-0.08322215790667023,-0.007348266298868466,-0.00734826629887122,-0.006060725592089455,0.006402672401140963,-0.030657592257123122,0.02719380701418177,-0.022180771024672863,0.0,0.0,0.0,0.0,-0.03001435002549685,0.013171248824745452,0.0040176140584332835,0.011139213741551501,0.12199129618776292,-0.13704755039841202,-0.1927230957064895,0.029312209515698618,0.17723698315952335,-0.03707148540099523,0.06906099944806218,-0.018290329396106596,0.4377927287241622,0.02864867929196906,-0.13301829996751172,0.17451507492614443,-0.010318446685062987,0.024996397755256795,-0.39101548311244627,0.00706771203115335,0.010387455498947151,0.061051747682719704,0.1223555239936521,0.0220920021158439,0.0008098137406325368,0.0085890135145404,0.005642966504735436,0.04045854928959436,0.17652930077614212,-0.31731347652194997,0.0030890124242003657,-0.06054605993512756,-0.006092752854940997,0.08169631595001273,0.2157899253818445,0.0300311896982872,0.005869741890438473,0.0068297949756014106,0.04470189685968236,-0.0020780404759011216
-0.0017165980156593984,0.0708929493279052,-0.007348266298868422,-0.007348266298871242,-0.011621024300429706,0.0012731569880721327,-0.08291485178631056,-0.0057019272771668735,0.030630588557881387,0.0,0.0,0.0,0.0,0.02169386346218154,-0.030783250221555324,-0.0006136413403369012,0.011139213741551357,-0.030497824317081278,0.04941170189014377,-0.04560622674935475,0.029312209515698528,0.01611245390917051,-0.037071485400995585,-0.039696480520478826,-0.025665462205988976,-0.2571163644887938,0.02864867929196848,0.016440464819953073,-0.06786697711733684,-0.010318446685062922,0.02499639775525675,-0.39101548311244594,0.0070677120311533285,0.010387455498947174,0.061051747682719905,0.12235552399365195,0.022092002115843813,0.0008098137406324923,0.008589013514540245,0.005642966504735214,0.04045854928959443,0.1765293007761425,-0.3173134765219503,0.003089012424200388,0.04953768540146797,0.004984979608588724,0.0816963159500125,-0.02667066493483481,0.030031189698287088,0.005869741890438207,0.006829794975601722,0.04470189685968225,-0.0020780404759013216
-0.00035421863815259246,-0.02542899269370471,-0.007348266298868533,-0.007348266298871353,-0.000500426883750582,0.05006616083554227,0.021599667272064017,-0.005701927277166896,0.030630588557881543,0.0,0.0,0.0,0.0,-0.03058456591358181,-0.00880600069840456,0.0017019863590477691,0.011139213741551445,-0.03049782431708139,-0.043817924628316754,-0.04560622674935524,0.029312209515698528,0.016112453909170422,0.08251395695531627,0.014682261258175733,-0.018290329396107908,-0.025480000084475395,-0.042973018937953446,-0.03337912417855653,0.05332405364331925,-0.010318446685062965,0.02499639775525677,0.23965465093988625,0.007067712031153373,0.01038745549894704,-0.29807617986269064,0.12235552399365232,0.022092002115843855,0.0008098137406324923,0.0085890135145404,0.005642966504735236,0.04045854928959436,-0.1696065830986464,0.14932398895150603,0.003089012424200277,0.04953768540146788,0.004984979608588192,0.08169631595001266,-0.02667066493483472,0.030031189698286977,0.005869741890438163,-0.09073870467585159,0.04470189685968236,-0.0020780404759012995
0.01871909264695475,0.0323641725192602,-0.007348266298868511,-0.007348266298871198,-0.0005004268837504932,-0.04751984685939672,0.004180580762334874,-0.0057019272771670956,0.030630588557881543,0.0,0.0,0.0,0.0,-0.03042905248955845,-0.057644332972072186,-0.0006136413403373009,0.011139213741551468,-0.03049782431708148,0.049411701890143586,-0.045606226749355175,0.02931220951569835,0.01611245390917071,-0.15665693736542566,0.014682261258176043,-0.057624371091935786,-0.025480000084474753,-0.00716216982299227,0.016440464819953225,-0.06786697711733673,-0.010318446685062899,0.02499639775525666,0.23965465093988642,0.007067712031153306,0.010387455498947174,0.061051747682719835,0.12235552399365206,0.022092002115843924,0.0008098137406324701,0.008589013514540288,-0.27650535873203264,0.04045854928959449,-0.16960658309864604,0.14932398895150556,0.0030890124242002326,0.04953768540146788,0.004984979608588458,0.08169631595001245,-0.02667066493483474,0.03003118969828722,-0.043044773863213856,0.006829794975601722,0.04470189685968253,-0.0020780404759013216
0.01190719575941726,-0.16027971152395953,-0.007348266298868256,-0.007348266298871281,-0.000500426883750793,0.05006616083554183,-0.04807667876685218,0.0271938070141807,0.03063058855788181,0.07255757355851661,0.37528848292450195,-0.3291793486805282,-0.32917934868053167,-0.03014394454551539,0.09375449707629652,-0.0006136413403368401,0.011139213741551524,-0.030497824317081618,0.04941170189014335,0.10151063595216847,0.02931220951569874,0.01611245390917082,0.08251395695531605,-0.039696480520478666,0.023502089903015222,0.20615636431984385,0.028648679291968987,0.0164404648199534,-0.0678669771173368,-0.010318446685063015,0.0249963977552565,0.23965465093988614,0.0070677120311533614,0.010387455498947096,0.061051747682719676,0.12235552399365224,0.022092002115843973,0.0008098137406324368,0.008589013514540209,-0.27650535873203264,0.0404585492895945,0.17652930077614182,0.1493239889515057,-0.3058122299958369,0.04953768540146811,0.004984979608588486,-0.42890565873756614,-0.026670664934834526,0.03003118969828697,0.005869741890438249,0.006829794975601683,0.044701896859682344,-0.0020780404759010995
-0.019427529923258854,0.12868611454087084,-0.007348266298868483,-0.00734826629887132,0.0050598718245889514,0.0012731569880726657,-0.013238505747393919,-0.005701927277166964,0.030630588557881543,0.0,0.0,0.0,0.0,0.021693863462181155,-0.0332251668352382,-0.0006136413403371344,0.011139213741551546,0.045746736504057986,-0.04381792462831672,-0.19272309570648932,-0.11724883707790812,-0.14501208493617862,-0.15665693736542513,0.0690609994480629,0.028418845109603963,-0.4887527288931122,-0.04297301893795345,0.01644046481995311,-0.06786697711733675,-0.010318446685062894,0.02499639775525675,-0.39101548311244605,0.007067712031153422,0.010387455498947162,0.06105174768271976,0.1223555239936521,0.022092002115843952,0.0008098137406324756,0.00858901351454025,0.005642966504735286,-0.2292651126410349,0.17652930077614207,0.14932398895150584,0.003089012424200399,-0.06054605993512753,-0.0060927528549416295,-0.4289056587375665,-0.026670664934834797,0.03003118969828707,0.005869741890438207,0.006829794975601699,0.04470189685968259,-0.0020780404759012995
-0.015340391790735698,0.01309978411493884,-0.007348266298868378,-0.0073482662988713756,0.0050598718245889575,0.05006616083554205,0.03901875378179327,-0.005701927277167007,0.030630588557881543,0.0,0.0,0.0,0.0,0.021693863462181384,-0.057644332972072256,-0.000613641340337212,0.011139213741551779,-0.030497824317081257,0.049411701890143746,0.10151063595216836,0.029312209515698396,0.01611245390917082,0.082513956955316,-0.03969648052047814,-0.07729139191828807,-0.2571163644887936,0.028648679291968838,0.06626005249362403,-0.06786697711733672,-0.010318446685062854,0.024996397755256684,-0.3910154831124461,0.007067712031153262,0.010387455498947217,0.06105174768271937,0.12235552399365249,0.022092002115843966,0.0008098137406324479,0.008589013514540311,0.005642966504735258,0.04045854928959454,0.17652930077614198,-0.3173134765219502,0.0030890124242004767,0.04953768540146806,0.004984979608588747,0.08169631595001244,-0.02667066493483474,0.030031189698286977,0.005869741890438274,0.006829794975601766,0.04470189685968249,0.012765105780536601
-0.024877047433289202,-0.16027971152395892,-0.007348266298868378,-0.00734826629887142,-0.00050042688375036,-0.09631285070686652,-0.08291485178631045,-0.0057019272771669845,0.030630588557881856,0.0,0.0,0.0,0.0,-0.028873918249327436,-0.03078325022155537,-0.000613641340336879,0.011139213741551423,-0.030497824317081524,-0.043817924628316504,-0.04560622674935512,0.02931220951569864,0.01611245390917071,-0.03707148540099534,0.014682261258176288,-0.04779086067875946,-0.025480000084474985,-0.0071621698229923595,0.016440464819953114,-0.06786697711733665,-0.010318446685062831,0.024996397755256593,0.23965465093988642,0.007067712031153273,0.010387455498947129,0.0610517476827195,-0.28549622265185537,0.022092002115843924,0.0008098137406325034,0.008589013514540323,0.005642966504735236,-0.229265112641035,0.17652930077614187,0.1493239889515059,0.0030890124242004325,-0.060546059935127405,-0.00609275285494153,0.08169631595001228,-0.02667066493483472,0.03003118969828713,-0.0430447738632137,0.006829794975601844,0.04470189685968242,-0.0020780404759012327
0.02689336891200057,-0.17954409992828088,-0.007348266298868533,-0.007348266298871387,-0.017181323008769834,0.012426635035845134,-0.04807667876685221,-0.005701927277166919,0.030630588557881346,0.0,0.0,0.0,0.0,-0.029858836601473936,0.047358081416313126,-0.000613641340336879,-0.01896676792445854,0.045746736504057986,-0.04381792462831643,0.10151063595216865,0.02931220951569873,-0.30613659953471195,0.08251395695531623,-0.039696480520478805,0.06775288680543246,-0.25711636448879316,0.02864867929196907,-0.03337912417855632,0.053324053643319026,-0.010318446685062687,0.02499639775525687,0.23965465093988647,0.007067712031153295,0.010387455498947151,0.06105174768271935,0.12235552399365206,0.022092002115843955,0.0008098137406324479,0.008589013514540233,-0.2765053587320318,0.04045854928959456,0.1765293007761424,-0.31731347652194963,0.0030890124242003215,-0.06054605993512754,-0.006092752854941441,-0.4289056587375667,-0.026670664934834675,0.030031189698287154,0.0058697418904381515,0.006829794975601822,0.044701896859682476,-0.002078040475901255
0.013269575136924205,-0.10248654631099297,-0.007348266298868355,-0.007348266298871353,-0.0005004268837508041,0.008303152703171734,-0.06549576527658163,-0.005701927277166907,0.030630588557881522,0.0,0.0,0.0,0.0,-0.03024762016153153,0.04979999802999635,0.0017019863590479912,0.011139213741551269,0.045746736504057604,0.04941170189014364,-0.19272309570648896,-0.04396831432826389,-0.1450120849361785,-0.03707148540099521,0.06906099944806261,0.01612695709313361,0.43779272872416153,0.10027037752189172,-0.033379124178556575,0.0533240536433192,-0.010318446685062965,0.024996397755256684,-0.3910154831124461,0.00706771203115335,0.010387455498947118,0.061051747682719794,0.12235552399365242,0.022092002115843744,0.0008098137406325479,0.0085890135145403,0.005642966504735458,0.04045854928959456,0.17652930077614226,-0.31731347652195,0.0030890124242003436,-0.060546059935127426,-0.00609275285494113,-0.4289056587375663,-0.02667066493483471,0.030031189698286963,0.00586974189043814,0.006829794975601711,0.04470189685968242,-0.002078040475901444
-0.027601806188304056,0.07089294932790491,-0.007348266298868511,-0.0073482662988713756,0.010620170532928342,0.0012731569880729322,-0.08291485178631008,-0.005701927277166718,0.03063058855788168,0.0,0.0,0.0,0.0,0.021693863462181696,-0.03078325022155435,-0.001771455190029636,0.01113921374155189,-0.03049782431708139,0.049411701890143656,0.10151063595216847,0.10259273171818432,0.17723698315952355,0.20209939546838043,-0.039696480520477986,-0.04779086067875944,0.43779272872416153,0.028648679291968925,-0.033379124178556444,-0.06786697711733694,-0.010318446685063033,0.02499639775525686,0.2396546509398866,0.007067712031153262,0.010387455498947151,0.06105174768272004,-0.285496222651855,0.022092002115843924,0.0008098137406325368,0.0085890135145402,0.005642966504735436,0.04045854928959458,-0.16960658309864626,0.14932398895150598,0.0030890124242003215,0.0495376854014681,0.004984979608588502,0.08169631595001241,-0.02667066493483472,0.0300311896982872,0.00586974189043823,0.006829794975601633,0.04470189685968253,0.012765105780536268
-0.0276018061883047,0.0323641725192606,-0.007348266298868556,-0.007348266298871231,0.005059871824588935,0.0012731569880726212,-0.08291485178631003,-0.0057019272771669845,0.030630588557881543,0.0,0.0,0.0,0.0,0.021693863462181273,-0.03078325022155508,-0.0006136413403369679,0.011139213741551458,-0.03049782431708108,-0.04381792462831672,-0.045606226749355216,0.029312209515698417,0.01611245390917069,-0.15665693736542524,0.06906099944806288,-0.04533248303234126,-0.4887527288931121,-0.042973018937953154,0.0662600524936239,-0.06786697711733683,-0.010318446685062965,0.02499639775525666,0.23965465093988653,0.007067712031153273,0.010387455498947174,0.061051747682719745,-0.28549622265185576,0.0220920021158439,0.0008098137406325034,0.0085890135145402,0.005642966504735325,0.04045854928959449,-0.16960658309864657,0.14932398895150562,0.0030890124242002994,-0.06054605993512739,-0.006092752854941574,0.08169631595001256,-0.02667066493483473,0.03003118969828713,-0.04304477386321315,0.006829794975601622,0.044701896859682365,-0.002078040475901355
-0.024877047433288734,-0.1602797115239591,-0.0073482662988684,-0.0073482662988712645,-0.0005004268837500936,0.0012731569880728433,0.021599667272064128,-0.0057019272771669845,0.030630588557881366,0.0,0.0,0.0,0.0,-0.02884799934532354,0.0668934143257797,-0.0006136413403370344,-0.018966767924458637,-0.030497824317081413,-0.04381792462831655,-0.0456062267493554,0.029312209515698462,0.01611245390917082,0.0825139569553162,-0.03969648052047847,-0.0010816861299246083,-0.025480000084475218,0.028648679291968814,-0.03337912417855662,0.053324053643318825,-0.010318446685062942,0.024996397755256927,0.2396546509398866,0.007067712031153195,0.01038745549894704,0.06105174768271955,-0.28549622265185537,0.0220920021158439,0.0008098137406325146,0.008589013514540333,0.005642966504735347,-0.22926511264103439,0.1765293007761421,0.14932398895150603,0.0030890124242003436,-0.06054605993512754,-0.006092752854941841,0.08169631595001241,-0.026670664934834765,0.03003118969828702,0.005869741890438251,0.006829794975601789,-0.27459736642376387,-0.0020780404759012105
-0.00852849490319738,0.09015733773222652,-0.007348266298868334,-0.007348266298871442,0.005059871824588513,-0.04751984685939679,0.09127601331098152,-0.005701927277167229,-0.022180771024672464,0.0,0.0,0.0,0.0,0.021693863462181495,-0.03078325022155497,-0.0006136413403367014,0.011139213741551579,-0.03049782431708099,0.04941170189014386,0.10151063595216833,0.029312209515698396,0.016112453909171022,0.08251395695531646,-0.039696480520478736,-0.03549897261916517,0.20615636431984327,0.02864867929196948,0.016440464819953336,-0.06786697711733643,-0.010318446685062922,0.02499639775525673,0.23965465093988647,0.007067712031153306,0.010387455498947196,-0.29807617986268997,0.12235552399365217,0.022092002115843834,0.0008098137406325811,0.0085890135145404,0.005642966504735436,-0.22926511264103566,0.1765293007761419,0.14932398895150617,0.0030890124242003436,-0.060546059935127405,-0.006092752854941619,0.08169631595001256,-0.026670664934834876,0.03003118969828662,0.00586974189043814,0.006829794975601678,0.04470189685968273,0.012765105780538332
0.02825574828950821,-0.10248654631099212,-0.0073482662988685775,-0.007348266298871242,-0.006060725592090499,0.012688168777930886,0.03901875378179307,-0.005701927277166808,0.030630588557881634,0.0,0.0,0.0,0.0,-0.030480890297565778,-0.02589941699418834,-0.0006136413403367236,-0.049072753841502406,-0.030497824317081833,-0.04381792462831609,-0.045606226749355105,0.02931220951569837,-0.145012084936178,-0.15665693736542524,0.014682261258176088,0.08987828527820241,0.20615636431984355,0.02864867929196968,-0.033379124178556395,0.1745150749261445,-0.010318446685063033,0.024996397755256815,0.23965465093988633,0.007067712031153417,0.01038745549894704,-0.29807617986269036,0.12235552399365217,0.02209200211584401,0.0008098137406325146,0.008589013514540311,0.005642966504735147,0.0404585492895946,0.1765293007761425,-0.31731347652195013,0.003089012424200388,0.049537685401467746,0.0049849796085885915,0.08169631595001252,-0.02667066493483472,0.03003118969828724,0.005869741890438207,-0.0907387046758507,0.04470189685968249,-0.0020780404759012995
0.018719092646953994,0.09015733773222667,-0.007348266298868533,-0.007348266298871286,-0.0005004268837500936,0.00948684182146089,0.03901875378179338,-0.00570192727716694,0.03063058855788161,0.0,0.0,0.0,0.0,-0.030688241529596993,-0.00880600069840507,-0.000613641340336879,0.011139213741551402,-0.030497824317081545,0.049411701890143635,0.10151063595216865,0.029312209515698705,0.016112453909170443,0.08251395695531613,-0.039696480520478715,-0.045332483032341234,0.20615636431984302,0.02864867929196919,0.016440464819953093,-0.06786697711733666,-0.010318446685062965,0.02499639775525684,-0.3910154831124461,0.007067712031153262,0.010387455498947129,0.06105174768271961,0.12235552399365199,0.02209200211584399,0.0008098137406325146,0.00858901351454051,0.005642966504735303,0.04045854928959418,0.17652930077614165,-0.3173134765219502,0.0030890124242003215,0.049537685401467815,0.0049849796085884805,0.08169631595001252,-0.026670664934834675,0.030031189698287174,-0.043044773863213946,0.006829794975601766,0.04470189685968244,-0.0020780404759013884
-0.011253253658212814,0.07089294932790473,-0.007348266298868378,-0.0073482662988712645,-0.0005004268837506931,0.0012731569880725323,-0.030657592257123077,-0.0057019272771668735,0.030630588557881366,0.0,0.0,0.0,0.0,0.021693863462181696,-0.006364084084721533,-0.0017714551900295695,0.011139213741551557,-0.03049782431708148,-0.043817924628316594,-0.04560622674935533,-0.11724883707790794,0.01611245390917069,-0.037071485400995495,0.06906099944806295,0.0013766914733696067,-0.02548000008447493,-0.007162169822991937,-0.033379124178556374,-0.06786697711733705,-0.01031844668506301,0.02499639775525688,-0.39101548311244666,0.0070677120311534395,0.010387455498947151,0.06105174768271966,0.12235552399365239,0.02209200211584379,0.0008098137406324258,0.008589013514540311,0.005642966504735369,0.04045854928959429,-0.1696065830986465,0.149323988951506,0.0030890124242003657,-0.060546059935127496,-0.006092752854941574,0.08169631595001274,-0.02667066493483459,0.030031189698287154,-0.04304477386321357,0.006829794975601456,0.04470189685968258,-0.0020780404759012995
0.021443851401969895,-0.04469338109802699,-0.0073482662988684,-0.007348266298871131,-0.0005004268837501824,0.011916573800222175,0.039018753781793626,0.02719380701418057,-0.07499213060722698,0.0,0.0,0.0,0.0,0.021693863462181318,-0.006364084084721245,-0.001771455190029525,0.011139213741551513,-0.030497824317081167,0.04941170189014377,0.10151063595216854,0.029312209515698795,0.01611245390917071,0.0825139569553163,-0.039696480520478784,-0.05024923828205356,0.20615636431984377,0.02864867929196906,0.01644046481995287,0.05332405364331907,-0.01031844668506301,0.024996397755256795,-0.3910154831124465,0.007067712031153528,0.01038745549894704,0.061051747682719704,0.12235552399365253,0.022092002115843966,0.0008098137406323591,0.008589013514540333,0.005642966504735303,0.04045854928959449,0.17652930077614215,-0.31731347652195047,0.0030890124242004104,-0.060546059935127586,-0.006092752854941552,0.08169631595001245,-0.02667066493483472,0.0300311896982872,-0.043044773863213634,0.006829794975601744,0.04470189685968264,-0.0020780404759015657
-0.001716598015659665,0.05162856092358277,-0.007348266298868378,-0.0073482662988712645,-0.0005004268837507375,0.001273156988072488,0.05643784029152203,-0.005701927277166785,0.03063058855788159,0.0,0.0,0.0,0.0,0.021693863462181183,-0.008806000698404759,-0.0006136413403368568,0.011139213741551513,-0.030497824317081413,0.049411701890143364,-0.04560622674935553,0.029312209515698417,0.01611245390917062,0.08251395695531608,0.01468226125817602,0.038252355565904075,-0.025480000084474753,0.028648679291968904,0.0662600524936245,-0.06786697711733666,-0.010318446685062922,0.02499639775525677,-0.39101548311244627,0.0070677120311533285,0.010387455498947174,0.06105174768271944,0.12235552399365213,0.022092002115843966,0.0008098137406324701,0.008589013514540268,0.005642966504735347,0.0404585492895944,0.17652930077614198,0.14932398895150586,-0.3058122299958369,0.04953768540146799,0.004984979608588546,-0.42890565873756586,-0.026670664934834852,0.03003118969828702,0.005869741890438163,0.0068297949756015,0.04470189685968229,-0.002078040475901255
0.02144385140197016,0.0708929493279052,-0.007348266298868533,-0.007348266298871309,0.005059871824589135,0.0012731569880725547,0.0041805807623350065,-0.005701927277166919,0.030630588557881366,0.0,0.0,0.0,0.0,-0.030377214681550302,-0.023457500380505092,-0.0006136413403372343,0.011139213741551557,0.04574673650405801,-0.04381792462831655,-0.045606226749355064,-0.043968314328263466,-0.14501208493617848,-0.03707148540099505,0.014682261258175799,0.003835069076663422,-0.025480000084474885,-0.0071621698229923595,0.016440464819953492,-0.06786697711733676,-0.01031844668506301,0.02499639775525673,-0.39101548311244644,0.007067712031153373,0.010387455498947174,0.061051747682719724,0.12235552399365238,0.022092002115843966,0.0008098137406324258,0.008589013514540379,0.005642966504735458,0.04045854928959443,-0.1696065830986465,0.14932398895150606,0.003089012424200277,0.04953768540146779,0.004984979608588768,0.08169631595001277,-0.02667066493483481,-0.17017674162362667,0.005869741890438096,0.006829794975601633,0.04470189685968242,-0.0020780404759013216
-0.024877047433289112,0.013099784114939238,-0.007348266298868466,-0.007348266298871242,-0.011621024300430261,0.05006616083554192,0.05643784029152203,0.027193807014181105,-0.1806148497723357,0.0,0.0,0.0,0.0,-0.028847999345323873,-0.030783250221555057,-0.0006136413403370122,0.011139213741551445,-0.030497824317081413,0.049411701890143545,-0.045606226749355105,0.029312209515698507,0.016112453909170467,-0.03707148540099532,0.014682261258175445,0.0013766914733694736,-0.025480000084474975,-0.007162169822992203,0.01644046481995314,-0.06786697711733655,-0.010318446685062965,0.024996397755256704,0.23965465093988653,0.007067712031153505,0.010387455498947196,0.06105174768271957,-0.28549622265185554,0.02209200211584401,0.0008098137406324035,0.008589013514540157,0.005642966504735303,0.04045854928959438,-0.1696065830986463,0.14932398895150556,0.0030890124242004325,-0.06054605993512756,-0.00609275285494133,0.08169631595001248,-0.02667066493483472,-0.1701767416236273,0.005869741890438096,0.006829794975601766,0.04470189685968253,-0.002078040475901366
-0.011253253658212725,0.07089294932790473,-0.0073482662988685775,-0.007348266298871286,-0.0005004268837507153,0.0012731569880727101,-0.030657592257123147,-0.00570192727716694,0.03063058855788159,0.0,0.0,0.0,0.0,0.021693863462181228,-0.006364084084721444,-0.001771455190029947,0.01113921374155149,-0.030497824317081368,-0.04381792462831648,-0.045606226749355036,-0.11724883707790842,0.016112453909170665,-0.037071485400995495,0.06906099944806247,0.0013766914733699398,-0.025480000084475152,-0.007162169822992203,-0.033379124178556374,-0.06786697711733655,-0.010318446685063121,0.02499639775525666,-0.3910154831124461,0.0070677120311533285,0.010387455498947129,0.061051747682719634,0.12235552399365227,0.02209200211584391,0.0008098137406324923,0.008589013514540379,0.005642966504735503,0.04045854928959454,-0.16960658309864596,0.14932398895150595,0.0030890124242004104,-0.06054605993512754,-0.006092752854941352,0.08169631595001284,-0.026670664934834686,0.03003118969828711,-0.043044773863213835,0.006829794975601633,0.04470189685968238,-0.0020780404759014105
-0.01125325365821297,0.09015733773222719,-0.007348266298868489,-0.007348266298871286,-0.011621024300429994,0.0012731569880727988,-0.0306575922571233,-0.005701927277166697,-0.07499213060722734,0.0,0.0,0.0,0.0,-0.030169863449519975,0.003403582370012015,0.0017019863590485907,0.011139213741551624,0.04574673650405794,-0.043817924628316615,-0.045606226749355126,0.029312209515698396,0.016112453909170554,-0.03707148540099563,0.014682261258175755,-0.003540063733218557,-0.25711636448879327,-0.042973018937953224,0.016440464819953204,-0.06786697711733695,-0.010318446685062942,0.02499639775525673,-0.3910154831124462,0.007067712031153417,0.010387455498947174,0.061051747682719856,0.1223555239936522,0.022092002115843945,0.0008098137406324701,0.0085890135145402,0.005642966504735325,0.04045854928959447,-0.16960658309864635,0.14932398895150575,0.003089012424200388,-0.060546059935127496,-0.006092752854941574,0.08169631595001255,-0.026670664934834498,0.0300311896982872,0.005869741890438274,0.006829794975601567,0.04470189685968231,0.01276510578053689
0.0023705401168630626,0.09015733773222667,-0.007348266298868355,-0.007348266298871286,-0.0005004268837512704,0.05006616083554092,-0.030657592257123188,-0.0057019272771669845,-0.022180771024673175,0.0,0.0,0.0,0.0,-0.02936637742540067,0.018055082052112037,0.0017019863590482577,0.011139213741551357,0.045746736504057875,-0.04381792462831611,-0.0456062267493554,0.029312209515698507,0.016112453909170776,-0.03707148540099536,0.014682261258176177,-0.04287410542904735,-0.2571163644887936,-0.0071621698229924705,0.016440464819953184,-0.06786697711733665,-0.010318446685062876,0.024996397755256795,-0.3910154831124461,0.007067712031153373,0.01038745549894724,0.061051747682719905,0.12235552399365206,0.02209200211584399,0.0008098137406324035,0.008589013514540157,0.005642966504735414,0.04045854928959445,-0.16960658309864668,0.14932398895150584,0.003089012424200388,-0.060546059935127496,-0.006092752854941552,0.08169631595001259,-0.026670664934834786,0.030031189698287043,-0.0430447738632133,0.00682979497560181,0.04470189685968255,-0.0020780404759011438
-0.0030789773931667154,-0.025428992693704754,-0.0073482662988684,-0.007348266298871087,-0.0005004268837507375,0.05006616083554225,0.021599667272064436,-0.005701927277166718,0.03063058855788132,0.0,0.0,0.0,0.0,-0.029288620713388603,0.0302646651205289,-0.001771455190029525,0.011139213741551423,-0.10674238343206743,0.14264132990533443,0.24862750741154688,0.10259273171818468,0.17723698315952302,0.2020993954683809,-0.09407522723368925,0.021043712299721528,0.4377927287241622,-0.007162169822992071,0.01644046481995265,-0.06786697711733658,-0.01031844668506281,0.02499639775525677,0.23965465093988633,0.007067712031153239,0.010387455498947262,-0.29807617986269036,0.12235552399365213,0.022092002115843855,0.0008098137406324035,0.008589013514540222,0.005642966504735436,-0.22926511264103544,0.17652930077614212,0.14932398895150556,0.0030890124242003436,0.04953768540146795,0.0049849796085884805,0.08169631595001259,-0.026670664934834543,-0.17017674162362723,0.00586974189043823,0.006829794975601544,0.04470189685968255,-0.002078040475901588
-0.011253253658212975,-0.21807287673692494,0.2375939436634134,0.23759394366350514,-0.0005004268837505404,0.0012731569880723216,0.039018753781793,0.027193807014180792,-0.022180771024672856,0.0,0.0,0.0,0.0,0.021693863462181363,0.015613165438429463,-0.0006136413403370286,0.011139213741551404,0.045746736504058055,-0.04381792462831664,-0.1927230957064893,-0.1172488370779082,-0.30613659953471173,-0.15665693736542485,0.06906099944806246,0.0038350690766633623,-0.4887527288931121,-0.04297301893795365,-0.03337912417855658,-0.0678669771173366,0.3336297761503677,-0.8082168607533016,0.23965465093988642,0.007067712031153366,0.010387455498947245,0.061051747682719607,-0.2854962226518551,0.02209200211584403,0.0008098137406325007,0.008589013514540245,0.005642966504735292,-0.2292651126410349,0.17652930077614198,0.14932398895150584,0.0030890124242004295,0.049537685401468044,0.004984979608588546,-0.4289056587375663,-0.026670664934834814,0.03003118969828708,0.005869741890438149,0.00682979497560175,0.044701896859682434,-0.0020780404759012773
-0.0017165980156596428,0.013099784114938617,-0.007348266298868511,-0.0073482662988712645,-0.01718132300876991,0.0012731569880725323,-0.03065759225712352,-0.005701927277167162,0.030630588557881477,0.0,0.0,0.0,0.0,0.02169386346218114,0.04247424818894594,0.0017019863590476136,0.011139213741551513,0.04574673650405785,0.04941170189014332,-0.045606226749355126,0.029312209515698285,0.01611245390917111,-0.03707148540099521,0.014682261258175889,0.0013766914733694291,-0.02548000008447513,-0.007162169822992404,0.016440464819953628,0.17451507492614424,-0.010318446685062965,0.024996397755256618,0.23965465093988642,0.007067712031153484,-0.33586106113262426,0.06105174768271948,0.12235552399365186,0.022092002115843813,0.0008098137406326256,0.008589013514540089,0.005642966504735236,0.04045854928959471,-0.1696065830986469,0.14932398895150578,0.0030890124242003657,-0.060546059935127586,-0.006092752854941841,0.08169631595001267,-0.026670664934834765,0.03003118969828733,0.005869741890438274,0.006829794975601633,-0.27459736642376437,-0.002078040475901588
0.025530989534492444,0.07089294932790476,-0.007348266298868511,-0.007348266298871131,-0.0005004268837507597,0.05006616083554196,-0.01323850574739469,-0.0057019272771669845,0.030630588557881568,0.0,0.0,0.0,0.0,-0.0304031335855544,-0.05520241635838892,-0.0006136413403368346,0.011139213741551423,-0.03049782431708139,-0.1370475503984119,-0.04560622674935515,0.02931220951569826,-0.14501208493617848,-0.03707148540099499,0.014682261258175422,-0.010915196586224706,-0.025480000084475284,0.028648679291968925,0.01644046481995336,-0.06786697711733666,-0.010318446685062854,0.024996397755256684,0.23965465093988642,0.007067712031153306,0.01038745549894724,-0.29807617986268947,0.12235552399365261,0.02209200211584401,0.0008098137406324701,0.008589013514540288,0.005642966504735325,0.04045854928959445,-0.1696065830986462,0.14932398895150548,0.0030890124242003436,0.049537685401467926,0.00498497960858828,0.0816963159500125,-0.026670664934834654,0.030031189698286977,0.0058697418904380735,0.006829794975601389,-0.27459736642376387,-0.0020780404759013216
0.04051716268707608,-0.10248654631099308,-0.007348266298868411,-0.0073482662988711865,-0.011621024300430115,0.0166605371583854,0.039018753781793064,-0.005701927277167074,0.03063058855788141,0.0,0.0,0.0,0.0,-0.030092106737508485,0.03026466512052952,-0.0006136413403370122,-0.018966767924458915,-0.030497824317081333,0.049411701890143864,-0.045606226749355105,0.029312209515698386,0.016112453909170564,0.08251395695531619,-0.09407522723368966,0.05791937639225597,-0.48875272889311194,-0.0071621698229921375,-0.08319871626835515,-0.007271463632575165,-0.010318446685063033,0.024996397755256694,-0.39101548311244644,0.007067712031153384,0.010387455498947007,0.06105174768271961,0.12235552399365215,0.02209200211584401,0.0008098137406325479,0.008589013514540177,0.005642966504735359,0.040458549289594456,-0.16960658309864635,0.14932398895150575,0.0030890124242004434,0.04953768540146788,0.004984979608588536,-0.42890565873756614,-0.026670664934834647,0.03003118969828713,0.005869741890438274,0.006829794975601766,0.04470189685968229,-0.0020780404759012496
0.006457678249386567,0.09015733773222726,-0.007348266298868378,-0.0073482662988712645,-0.0005004268837506265,-0.047519846859396385,-0.013238505747393537,0.027193807014181483,-0.180614849772336,0.0,0.0,0.0,0.0,-0.029988431121493297,-0.0600862495857553,-0.0017714551900300357,0.01113921374155138,-0.0304978243170817,0.04941170189014379,0.10151063595216843,0.029312209515698972,0.0161124539091708,0.08251395695531683,-0.039696480520478514,0.05054424358237399,-0.2571163644887938,-0.007162169822992381,0.0662600524936243,-0.06786697711733683,-0.010318446685062876,0.02499639775525666,0.23965465093988633,0.007067712031153262,0.010387455498947174,-0.29807617986268964,0.12235552399365215,0.02209200211584388,0.0008098137406324923,0.008589013514540222,0.005642966504735392,0.04045854928959456,-0.16960658309864643,0.14932398895150606,0.0030890124242004325,0.04953768540146806,0.004984979608588902,0.08169631595001256,-0.02667066493483463,-0.17017674162362664,0.005869741890438163,0.0068297949756019214,0.04470189685968242,-0.0020780404759012773
0.01190719575941639,-0.10248654631099285,-0.007348266298868511,-0.007348266298871286,-0.0005004268837507153,0.010198661373621232,0.02159966727206415,-0.0057019272771668735,0.030630588557881533,0.0,0.0,0.0,0.0,0.021693863462181606,-0.03566708344892137,-0.0006136413403369789,0.011139213741551602,-0.03049782431708139,0.049411701890143454,0.10151063595216828,-0.04396831432826374,-0.1450120849361786,0.08251395695531641,0.014682261258176533,0.02350208990301541,-0.2571163644887937,-0.0429730189379534,-0.03337912417855617,-0.007271463632574871,-0.01031844668506272,0.02499639775525664,-0.3910154831124462,0.0070677120311533285,0.010387455498947096,0.061051747682719884,0.12235552399365202,0.022092002115843855,0.0008098137406324258,0.008589013514540311,0.005642966504735347,0.04045854928959454,0.17652930077614268,-0.31731347652194986,0.0030890124242004104,-0.0605460599351275,-0.006092752854941685,0.08169631595001267,-0.026670664934834654,-0.17017674162362673,0.00586974189043824,0.006829794975601655,0.04470189685968247,-0.0020780404759014547
0.022806230779477743,0.03236417251926067,-0.0073482662988685775,-0.0073482662988712645,-0.0005004268837504044,0.0138118992220287,0.039018753781793133,-0.0057019272771667625,0.030630588557881654,0.0,0.0,0.0,0.0,0.021693863462181228,0.0009616657563288999,-0.0006136413403370344,0.01113921374155138,0.04574673650405756,0.04941170189014325,-0.045606226749355216,0.029312209515698684,0.016112453909170578,-0.03707148540099514,0.014682261258176066,0.035793977919485374,-0.025480000084475263,0.028648679291969303,-0.03337912417855622,0.05332405364331918,-0.010318446685062922,0.02499639775525684,-0.39101548311244605,0.00706771203115335,0.010387455498947151,0.061051747682719794,0.12235552399365208,0.022092002115843945,0.0008098137406325368,0.008589013514540268,0.005642966504735369,0.04045854928959451,0.17652930077614243,-0.31731347652194986,0.0030890124242003436,-0.06054605993512763,-0.006092752854941352,-0.42890565873756603,-0.026670664934834654,0.0300311896982872,0.005869741890438119,0.006829794975601611,0.04470189685968244,-0.0020780404759012773
0.009182437004400912,-0.06395776950234902,-0.0073482662988686,-0.007348266298871309,-0.011621024300430261,0.05006616083554203,-0.013238505747394247,-0.005701927277166952,0.030630588557881488,0.0,0.0,0.0,0.0,0.021693863462181405,0.14259282934996487,0.004017614058433583,0.011139213741551445,0.045746736504057806,-0.04381792462831693,-0.04560622674935515,0.029312209515698462,-0.14501208493617873,-0.03707148540099518,0.06906099944806285,-0.055165993488641395,-0.2571163644887939,-0.042973018937953376,-0.03337912417855624,0.05332405364331905,-0.010318446685062876,0.02499639775525666,-0.39101548311244616,0.007067712031153484,0.010387455498947174,0.06105174768271961,0.12235552399365213,0.022092002115843855,0.0008098137406324701,0.008589013514540389,0.005642966504735414,0.04045854928959456,0.1765293007761422,-0.31731347652194986,0.0030890124242004325,-0.060546059935127586,-0.006092752854941219,0.08169631595001255,-0.026670664934834675,0.030031189698287063,-0.04304477386321352,0.006829794975601699,0.044701896859682164,-0.0020780404759014326
-0.0017165980156597204,0.0516285609235829,-0.007348266298868445,-0.007348266298871397,-0.0005004268837508818,0.0012731569880724436,0.05643784029152184,-0.005701927277166829,0.03063058855788161,0.0,0.0,0.0,0.0,0.021693863462181228,-0.00880600069840438,-0.0006136413403372565,0.011139213741551713,-0.03049782431708157,0.04941170189014377,-0.04560622674935516,0.029312209515698684,0.016112453909170755,0.08251395695531612,0.014682261258176278,0.038252355565903895,-0.025480000084475173,0.028648679291968526,0.0662600524936242,-0.06786697711733693,-0.010318446685062854,0.024996397755256795,-0.3910154831124465,0.00706771203115335,0.010387455498947085,0.06105174768271969,0.12235552399365227,0.0220920021158441,0.0008098137406324923,0.0085890135145402,0.005642966504735325,0.040458549289594345,0.17652930077614198,0.14932398895150623,-0.3058122299958369,0.04953768540146795,0.004984979608588569,-0.4289056587375664,-0.02667066493483472,0.030031189698286942,0.005869741890438274,0.0068297949756017775,0.04470189685968253,-0.0020780404759013884
-0.018065150545751453,0.013099784114939336,-0.007348266298868455,-0.007348266298871325,-0.011621024300429977,0.0012731569880728322,-0.08291485178631022,0.02719380701418086,-0.02218077102467288,0.0,0.0,0.0,0.0,-0.02900351276934674,-0.033225166835238386,-0.0006136413403370289,0.01113921374155145,-0.03049782431708133,-0.043817924628316546,-0.192723095706489,0.029312209515698663,-0.14501208493617876,-0.03707148540099521,0.0690609994480624,0.01366857948983934,-0.4887527288931123,-0.04297301893795328,0.016440464819953027,-0.06786697711733676,-0.010318446685062849,0.024996397755256736,0.23965465093988625,0.007067712031153339,0.010387455498947212,0.061051747682719634,-0.28549622265185526,0.0220920021158438,0.0008098137406324646,0.008589013514540278,0.005642966504735269,0.04045854928959443,-0.16960658309864626,0.14932398895150603,0.0030890124242004048,-0.0605460599351275,-0.0060927528549414075,-0.4289056587375663,-0.026670664934834755,0.030031189698287008,0.0058697418904381845,0.006829794975601711,0.044701896859682524,-0.002078040475901338
0.007820057626893284,-0.02542899269370482,-0.007348266298868466,-0.007348266298871242,-0.0005004268837507153,0.007974069082110647,0.05643784029152223,0.027193807014180393,-0.02218077102467304,0.0,0.0,0.0,0.0,0.021693863462181405,-0.025899416994188584,-0.0006136413403370122,0.011139213741551312,-0.03049782431708157,0.04941170189014332,0.10151063595216832,0.029312209515698417,0.016112453909170533,0.08251395695531638,-0.03969648052047825,0.0038350690766634664,-0.025480000084474996,-0.007162169822992293,-0.033379124178556194,0.05332405364331909,-0.010318446685063033,0.02499639775525675,-0.3910154831124458,0.007067712031153461,0.010387455498947174,0.061051747682719704,0.12235552399365231,0.022092002115844077,0.0008098137406326256,0.008589013514540356,0.005642966504735392,-0.22926511264103538,0.17652930077614223,0.1493239889515056,0.0030890124242003657,-0.06054605993512756,-0.006092752854941597,0.08169631595001241,-0.02667066493483492,-0.17017674162362667,0.005869741890438207,0.006829794975601655,0.04470189685968231,-0.0020780404759016546
0.02689336891199954,-0.1410153231196368,-0.007348266298868355,-0.007348266298871198,-0.0005004268837513371,0.013700930164352832,0.03901875378179305,0.02719380701418055,-0.0749921306072274,0.0,0.0,0.0,0.0,0.021693863462181516,-0.07717966588153917,-0.0006136413403372343,0.011139213741551112,-0.030497824317081545,0.04941170189014392,0.24862750741154568,0.02931220951569875,0.01611245390917073,0.08251395695531624,-0.039696480520478715,0.01858533469642709,0.20615636431984347,-0.04297301893795298,0.01644046481995385,0.11391957303349823,-0.010318446685062876,0.02499639775525686,-0.39101548311244627,0.007067712031153283,0.010387455498947174,0.06105174768271944,0.12235552399365217,0.02209200211584401,0.0008098137406324701,0.008589013514540288,0.005642966504735236,0.04045854928959447,0.1765293007761425,-0.31731347652195024,0.0030890124242001216,0.04953768540146808,0.0049849796085884805,0.08169631595001241,0.21578992538184413,0.030031189698287088,0.005869741890438029,0.0068297949756015,0.04470189685968225,-0.0020780404759015215
-0.00852849490319738,-0.06395776950234924,-0.007348266298868556,-0.007348266298871309,-0.0005004268837509373,0.0012731569880722437,0.02159966727206386,-0.005701927277167118,0.030630588557881033,0.0,0.0,0.0,0.0,-0.029184945097373814,0.08642874723524716,-0.0006136413403367902,0.011139213741551423,-0.1067423834320687,0.0494117018901433,0.10151063595216843,0.02931220951569837,0.016112453909170266,-0.15665693736542483,0.014682261258175844,0.0013766914733698288,-0.025480000084475575,-0.007162169822992515,0.016440464819953426,-0.007271463632574649,-0.010318446685062876,0.02499639775525688,0.23965465093988653,0.007067712031153394,0.010387455498947106,-0.29807617986268975,0.1223555239936522,0.02209200211584401,0.0008098137406325146,0.008589013514540467,0.005642966504735303,0.04045854928959462,-0.16960658309864646,0.1493239889515056,0.003089012424200388,0.049537685401467815,0.004984979608588569,0.08169631595001263,-0.026670664934834786,0.0300311896982872,0.005869741890438163,0.006829794975601699,-0.27459736642376376,-0.0020780404759010995
-0.035776082453349733,-0.044693381098027465,-0.007348266298868466,-0.007348266298871353,0.005059871824589291,0.050066160835542606,-0.08291485178631053,0.01622856225039826,0.030630588557881543,0.0,0.0,0.0,0.0,0.021693863462181318,0.01805508205211226,-0.0006136413403368346,0.011139213741551513,0.045746736504058506,-0.13704755039841157,-0.19272309570648882,-0.043968314328263924,-0.1450120849361783,-0.03707148540099523,0.06906099944806268,0.08004477486502685,-0.02548000008447502,-0.042973018937953356,0.01644046481995347,-0.007271463632574649,-0.010318446685062954,0.024996397755256684,0.23965465093988664,0.007067712031153283,0.010387455498947373,0.06105174768271967,-0.2854962226518555,0.022092002115843824,0.0008098137406324701,0.008589013514540333,0.00564296650473538,0.04045854928959436,-0.16960658309864657,0.14932398895150575,0.0030890124242003657,-0.06054605993512756,-0.006092752854941641,-0.42890565873756614,-0.02667066493483461,0.030031189698287088,0.00586974189043823,0.006829794975601633,0.04470189685968255,-0.002078040475901333
0.024168610156985425,0.05162856092358302,-0.007348266298868455,-0.007348266298871238,-0.006060725592090202,0.014501304682436733,0.039018753781793064,-0.005701927277166971,0.03063058855788159,0.0,0.0,0.0,0.0,-0.029781079889462138,0.09131258046261345,0.005175427908125807,0.011139213741551579,0.12199129618776235,-0.1370475503984118,-0.19272309570648927,-0.11724883707790834,-0.3061365995347117,-0.15665693736542513,0.06906099944806271,0.09233666288149735,-0.4887527288931124,-0.042973018937953564,-0.03337912417855636,0.0533240536433191,-0.010318446685062932,0.024996397755256812,-0.3910154831124461,0.007067712031153428,0.010387455498947207,0.061051747682719724,0.12235552399365224,0.022092002115843824,0.0008098137406325103,0.00858901351454025,0.005642966504735341,0.040458549289594324,0.1765293007761421,-0.31731347652194974,0.0030890124242003688,-0.0605460599351275,-0.006092752854941576,-0.4289056587375664,-0.02667066493483462,0.030031189698287213,0.0058697418904381125,0.006829794975601669,0.04470189685968245,-0.002078040475901406
0.020081472024462265,-0.12175093471531473,-0.007348266298868378,-0.007348266298871353,-0.011621024300429595,-0.04751984685939685,-0.0829148517863105,-0.0057019272771667625,0.030630588557881498,0.0,0.0,0.0,0.0,-0.029703323177450724,0.10596408014471373,0.0017019863590481466,-0.049072753841503,0.12199129618776214,-0.04381792462831631,-0.04560622674935524,0.029312209515698483,-0.14501208493617873,-0.156656937365425,-0.039696480520478764,0.0013766914733693402,-0.025480000084474663,0.02864867929196895,-0.03337912417855622,0.05332405364331887,-0.010318446685062854,0.024996397755256704,0.23965465093988603,0.0070677120311534395,0.010387455498947262,0.06105174768271955,0.1223555239936522,0.022092002115843813,0.0008098137406324701,0.008589013514540245,0.005642966504735458,0.0404585492895944,0.1765293007761421,-0.31731347652194974,0.003089012424200388,0.04953768540146801,0.0049849796085884805,0.08169631595001288,-0.02667066493483463,0.03003118969828724,0.005869741890438119,0.006829794975601655,0.04470189685968247,-0.002078040475901366
-0.0017165980156596428,0.07089294932790544,-0.0073482662988684,-0.0073482662988713756,-0.011621024300429706,0.05006616083554212,0.021599667272063992,-0.005701927277166919,0.03063058855788161,0.0,0.0,0.0,0.0,-0.02936637742540087,-0.018573667153137907,0.006333241757818397,0.011139213741551445,-0.03049782431708168,0.0494117018901437,0.10151063595216861,0.029312209515698462,0.016112453909170665,0.08251395695531631,-0.039696480520478694,-0.01091519658622453,-0.48875272889311194,0.06445952840693017,0.016440464819953184,-0.06786697711733655,-0.01031844668506301,0.02499639775525677,-0.39101548311244627,0.007067712031153283,0.010387455498947129,0.06105174768271977,0.1223555239936522,0.022092002115843945,0.0008098137406324479,0.008589013514540177,0.005642966504735347,-0.22926511264103536,0.17652930077614246,0.14932398895150567,0.0030890124242003215,0.04953768540146795,0.004984979608588636,0.08169631595001267,-0.026670664934834654,-0.17017674162362612,0.005869741890438251,0.006829794975601678,0.04470189685968251,-0.0020780404759012105
-0.026239426810796697,0.07089294932790523,-0.007348266298868422,-0.0073482662988712645,0.005059871824589113,0.0012731569880722437,-0.013238505747393848,-0.0057019272771668406,0.030630588557881745,0.0,0.0,0.0,0.0,-0.029340458521396995,-0.006364084084721467,-0.0006136413403371899,0.011139213741551357,-0.0304978243170817,0.049411701890143746,-0.19272309570648904,-0.04396831432826358,-0.14501208493617865,-0.03707148540099518,0.0690609994480625,0.02596046750630997,-0.2571163644887936,-0.0071621698229923595,-0.0333791241785561,-0.06786697711733658,-0.010318446685062899,0.02499639775525684,0.23965465093988625,0.007067712031153306,0.010387455498947106,0.06105174768271959,-0.2854962226518553,0.02209200211584391,0.0008098137406324701,0.008589013514540379,0.005642966504735347,0.04045854928959438,-0.1696065830986464,0.14932398895150567,0.0030890124242003215,-0.06054605993512745,-0.006092752854941208,0.08169631595001271,-0.026670664934834686,0.030031189698287154,0.005869741890438318,0.006829794975601611,-0.27459736642376387,-0.002078040475901366
-0.03713846183085774,0.03236417251926018,-0.0073482662988686,-0.007348266298871442,0.005059871824589468,-0.09631285070686668,-0.08291485178631017,-0.005701927277166852,0.03063058855788172,0.0,0.0,0.0,0.0,0.021693863462181072,-0.006364084084721377,-0.0006136413403373009,0.01113921374155149,-0.0304978243170815,0.04941170189014334,0.10151063595216829,0.029312209515698306,0.016112453909170755,0.08251395695531619,-0.03969648052047854,-0.047790860678759525,-0.02548000008447493,0.028648679291968814,0.016440464819953093,-0.06786697711733676,-0.010318446685062899,0.02499639775525677,0.23965465093988655,0.0070677120311533285,0.010387455498947063,0.061051747682719745,-0.2854962226518554,0.02209200211584399,0.0008098137406325146,0.0085890135145402,0.005642966504735192,0.04045854928959445,-0.16960658309864654,0.14932398895150586,0.0030890124242002994,-0.06054605993512765,-0.00609275285494193,0.08169631595001284,-0.02667066493483481,0.03003118969828724,0.005869741890437941,0.006829794975601722,0.04470189685968242,0.012765105780536468
0.035067645177046566,0.07089294932790498,-0.007348266298868445,-0.0073482662988713756,-0.006060725592089433,0.015941315063516658,-0.08291485178630982,-0.0057019272771667625,0.030630588557881432,0.0,0.0,0.0,0.0,-0.030506809201569784,-0.04299283328997159,-0.0006136413403369679,-0.07917873275684426,-0.030497824317081212,-0.04381792462831709,-0.04560622674935548,0.029312209515698927,0.1772369831595235,-0.15665693736542505,0.014682261258176288,-0.035498972619165015,0.20615636431984402,0.028648679291969015,0.06626005249362457,-0.06786697711733691,-0.010318446685063076,0.02499639775525673,-0.39101548311244627,0.007067712031153417,0.010387455498947307,0.061051747682719794,0.12235552399365221,0.02209200211584401,0.0008098137406324923,0.008589013514540157,0.005642966504735436,0.04045854928959423,-0.1696065830986464,0.14932398895150542,0.0030890124242004325,0.04953768540146808,0.004984979608588546,0.08169631595001255,0.2157899253818442,0.03003118969828713,0.005869741890438274,0.006829794975601744,0.04470189685968253,-0.0020780404759013884
0.01599433389193954,-0.00616460428938328,-0.007348266298868533,-0.007348266298871286,-0.0005004268837504932,0.011500837236552198,0.03901875378179309,0.02719380701418086,-0.23342620935489053,0.0,0.0,0.0,0.0,0.02169386346218096,-0.006364084084721289,0.0040176140584335055,0.011139213741551534,-0.030497824317081302,0.049411701890143614,0.10151063595216829,0.02931220951569844,0.17723698315952313,0.08251395695531623,-0.03969648052047845,0.01366857948983966,-0.4887527288931124,0.028648679291968893,0.06626005249362457,-0.06786697711733673,-0.01031844668506301,0.02499639775525686,0.2396546509398864,0.00706771203115335,0.010387455498947106,0.061051747682719835,0.12235552399365215,0.022092002115844056,0.0008098137406324923,-0.2777114369701357,0.005642966504735547,0.04045854928959447,0.17652930077614193,-0.3173134765219496,0.0030890124242004325,-0.060546059935127586,-0.006092752854941796,0.08169631595001255,-0.026670664934834654,0.03003118969828713,0.0058697418904381845,0.006829794975601588,0.0447018968596826,-0.0020780404759014547
0.039154783309569494,-0.12175093471531469,0.2375939436634141,0.23759394366350522,-0.006060725592089611,0.018635853041770234,-0.08291485178631057,-0.005701927277167118,0.030630588557881477,0.0,0.0,0.0,0.0,0.021693863462181696,0.0156131654384287,-0.0006136413403370567,0.011139213741551602,-0.03049782431708157,0.04941170189014336,0.10151063595216847,0.02931220951569873,0.17723698315952333,0.08251395695531616,-0.03969648052047877,0.011210201886545545,0.20615636431984333,0.02864867929196908,-0.03337912417855635,0.05332405364331901,0.333629776150367,-0.8082168607533011,0.2396546509398864,0.007067712031153461,0.010387455498947196,0.061051747682719856,0.12235552399365177,0.0220920021158439,-0.039680873290991694,0.008589013514540167,0.005642966504735125,0.0404585492895944,0.17652930077614168,-0.3173134765219511,0.0030890124242003215,-0.06054605993512718,-0.006092752854941441,0.0816963159500125,-0.026670664934834554,0.030031189698287154,0.005869741890438119,0.006829794975601877,-0.27459736642376353,-0.002078040475901177
0.028255748289508154,0.07089294932790505,-0.007348266298868466,-0.007348266298871331,-0.0060607255920898774,0.0012731569880724768,-0.03065759225712349,-0.005701927277167051,0.03063058855788141,0.0,0.0,0.0,0.0,0.02169386346218143,0.14015091273628094,-0.0017714551900295916,0.011139213741551468,-0.03049782431708138,-0.04381792462831654,-0.04560622674935515,-0.11724883707790827,-0.3061365995347118,-0.03707148540099564,0.014682261258176076,0.10217017329467275,-0.25711636448879355,-0.007162169822992448,-0.03337912417855671,-0.06786697711733689,-0.010318446685062932,0.024996397755256715,0.2396546509398863,0.007067712031153384,0.01038745549894704,-0.2980761798626901,0.12235552399365246,0.02209200211584402,0.0008098137406324368,0.008589013514540288,0.005642966504735325,0.040458549289594345,0.17652930077614165,-0.3173134765219501,0.003089012424200355,0.04953768540146799,0.004984979608588414,-0.4289056587375666,-0.02667066493483474,0.030031189698287053,0.005869741890438307,0.006829794975601711,0.0447018968596824,-0.0020780404759012995
0.006457678249386367,-0.1410153231196373,-0.007348266298868556,-0.007348266298871198,-0.017181323008769955,0.0500661608355417,-0.08291485178630997,-0.005701927277167185,0.03063058855788141,0.0,0.0,0.0,0.0,0.021693863462181606,0.1230574964404972,-0.0006136413403367679,0.011139213741551312,-0.030497824317081035,0.04941170189014401,0.10151063595216861,0.029312209515698618,-0.14501208493617837,-0.15665693736542385,0.0146822612581762,0.025960467506309426,0.4377927287241617,-0.0429730189379532,-0.033379124178556506,-0.06786697711733662,-0.010318446685062788,0.024996397755256795,0.23965465093988642,0.00706771203115335,0.010387455498947262,0.06105174768271944,-0.2854962226518555,0.022092002115843945,0.0008098137406326034,0.008589013514540379,0.005642966504735369,0.04045854928959454,-0.16960658309864618,0.14932398895150617,0.0030890124242004325,0.0495376854014679,0.00498497960858828,0.08169631595001244,-0.026670664934834852,0.0300311896982872,0.005869741890438096,-0.0907387046758509,0.04470189685968229,-0.0020780404759010995
0.002370540116863595,-0.06395776950234885,-0.007348266298868622,-0.007348266298871331,-0.011621024300430372,0.007331330278873427,-0.030657592257123056,-0.00570192727716694,0.030630588557881477,0.0,0.0,0.0,0.0,0.021693863462181495,-0.006364084084721733,-0.0017714551900294584,0.011139213741551445,0.04574673650405792,-0.043817924628316615,-0.045606226749355085,0.029312209515698396,-0.1450120849361785,-0.03707148540099536,0.014682261258175866,0.0013766914733693626,-0.02548000008447484,-0.0429730189379533,-0.033379124178556464,0.11391957303349824,-0.010318446685062942,0.02499639775525673,0.23965465093988642,0.00706771203115335,0.010387455498947129,-0.2980761798626896,0.12235552399365235,0.022092002115843945,0.0008098137406324479,0.008589013514540245,0.005642966504735325,0.04045854928959432,0.17652930077614268,-0.3173134765219503,0.003089012424200499,-0.0605460599351277,-0.006092752854941685,0.08169631595001263,-0.02667066493483459,0.030031189698287043,0.005869741890438163,0.006829794975601722,-0.2745973664237639,-0.0020780404759012995
0.022806230779477788,-0.00616460428938308,-0.007348266298868511,-0.007348266298871286,-0.006060725592090854,0.009744211188660623,0.021599667272064305,0.02719380701418057,-0.022180771024673064,0.0,0.0,0.0,0.0,-0.029781079889462058,-0.04055091667628894,-0.0017714551900296581,-0.07917873275684469,-0.10674238343206773,0.04941170189014341,0.24862750741154685,0.02931220951569875,0.17723698315952272,0.08251395695531641,0.01468226125817602,0.003835069076663311,0.20615636431984274,-0.007162169822992448,0.01644046481995327,0.11391957303349817,-0.010318446685062831,0.02499639775525684,-0.39101548311244616,0.007067712031153306,0.010387455498947106,0.061051747682719724,0.12235552399365202,0.02209200211584401,0.0008098137406324701,0.008589013514540333,0.005642966504735458,0.04045854928959445,-0.16960658309864612,0.149323988951506,0.0030890124242003215,-0.06054605993512761,-0.006092752854941752,0.08169631595001288,-0.02667066493483474,-0.17017674162362642,0.005869741890437985,0.006829794975601699,0.04470189685968249,-0.0020780404759013216
-0.015340391790735953,-0.1410153231196371,-0.007348266298868406,-0.007348266298871198,-0.011621024300430178,0.0030407377622267084,-0.08291485178631022,-0.00570192727716694,0.030630588557881432,0.0,0.0,0.0,0.0,0.02169386346218134,0.018055082052112405,-0.0006136413403371232,0.011139213741551546,0.12199129618776236,-0.13704755039841165,-0.19272309570648918,-0.11724883707790827,-0.14501208493617854,-0.037071485400995016,0.06906099944806272,0.025960467506309613,-0.4887527288931118,-0.042973018937953286,0.06626005249362446,-0.06786697711733664,-0.010318446685062887,0.024996397755256628,0.23965465093988642,0.007067712031153283,0.010387455498947307,0.06105174768271972,0.12235552399365221,0.022092002115843935,0.0008098137406324813,-0.27771143697013556,0.005642966504735325,-0.229265112641035,0.1765293007761422,0.14932398895150573,0.003089012424200388,-0.06054605993512755,-0.006092752854941241,-0.4289056587375664,-0.026670664934834738,0.030031189698287154,0.005869741890438218,0.006829794975601633,0.044701896859682434,-0.0020780404759014105
-0.008528494903198047,-0.06395776950234917,-0.007348266298868445,-0.007348266298871286,-0.0005004268837510928,0.0012731569880728433,0.021599667272064017,-0.0057019272771670956,0.030630588557881543,0.0,0.0,0.0,0.0,-0.029184945097373727,0.08642874723524685,-0.0006136413403371899,0.011139213741551357,-0.1067423834320679,0.049411701890143434,0.10151063595216833,0.02931220951569875,0.0161124539091708,-0.1566569373654253,0.014682261258176265,0.0013766914733694957,-0.025480000084474864,-0.007162169822992804,0.016440464819953295,-0.0072714636325750485,-0.010318446685062788,0.024996397755256704,0.23965465093988564,0.007067712031153394,0.01038745549894704,-0.29807617986268964,0.12235552399365208,0.02209200211584388,0.0008098137406325146,0.008589013514540268,0.005642966504735325,0.04045854928959432,-0.16960658309864632,0.14932398895150562,0.0030890124242005214,0.04953768540146799,0.004984979608588858,0.08169631595001284,-0.026670664934834654,0.03003118969828711,0.005869741890438119,0.006829794975601633,-0.2745973664237641,-0.0020780404759012995
0.04460430081959985,0.051628560923583276,-0.007348266298868378,-0.007348266298871242,-0.006060725592090255,0.020759045014095468,-0.08291485178631022,0.027193807014180792,-0.022180771024673106,0.0,0.0,0.0,0.0,0.02169386346218165,0.01805508205211228,-0.0006136413403369456,0.011139213741551579,-0.030497824317081212,0.04941170189014319,-0.04560622674935544,0.10259273171818373,0.1772369831595229,0.0825139569553166,-0.03969648052047854,-0.03549897261916439,0.20615636431984355,-0.007162169822992182,0.016440464819953184,0.053324053643319005,-0.010318446685062987,0.02499639775525688,0.23965465093988625,0.007067712031153283,0.01038745549894724,0.061051747682719995,0.12235552399365221,0.0220920021158439,-0.039680873290991195,0.0085890135145402,0.005642966504735147,0.04045854928959432,0.17652930077614234,-0.31731347652194974,0.0030890124242003436,-0.060546059935127204,-0.006092752854941508,0.08169631595001273,-0.02667066493483472,0.030031189698287396,-0.04304477386321339,0.006829794975601699,0.04470189685968258,-0.0020780404759012327
0.0350676451770469,-0.06395776950234897,-0.007348266298868489,-0.0073482662988713756,0.0050598718245890685,0.01376863523067855,0.09127601331097998,-0.005701927277166785,0.03063058855788179,0.0,0.0,0.0,0.0,-0.030480890297566378,-0.01857366715313826,-0.0006136413403368568,-0.01896676792445935,-0.030497824317080303,-0.04381792462831628,-0.045606226749355105,0.02931220951569915,0.1772369831595239,0.20209939546838065,-0.039696480520478625,-0.07729139191828764,0.2061563643198439,0.028648679291969327,0.01644046481995327,-0.06786697711733687,-0.010318446685062987,0.024996397755256528,0.23965465093988642,0.007067712031153484,0.010387455498947262,0.061051747682720016,0.12235552399365235,0.02209200211584399,-0.039680873290992034,0.008589013514540311,0.005642966504735414,0.04045854928959432,0.1765293007761422,-0.3173134765219492,0.0030890124242003657,-0.060546059935127405,-0.006092752854941441,0.08169631595001273,-0.02667066493483452,0.030031189698287285,0.0058697418904378965,0.00682979497560181,-0.2745973664237635,-0.0020780404759013216
-0.004441356770674543,0.0708929493279046,-0.007348266298868556,-0.00734826629887142,-0.0005004268837498493,-0.19389885840180485,0.021599667272064395,-0.005701927277166896,-0.02218077102467233,0.0,0.0,0.0,0.0,-0.029262701809385328,-0.06008624958575502,-0.001771455190029214,0.01113921374155169,-0.030497824317081545,0.049411701890143586,0.10151063595216843,0.029312209515698507,0.1772369831595232,0.0825139569553163,-0.039696480520478604,-0.04533248303234074,0.20615636431984413,0.028648679291968994,-0.03337912417855626,0.1139195730334985,-0.010318446685062765,0.02499639775525666,0.2396546509398862,0.007067712031153262,0.010387455498947418,0.061051747682719634,0.12235552399365238,-0.7143080684122869,0.0008098137406324479,0.008589013514540311,0.005642966504735503,0.04045854928959445,-0.16960658309864604,0.14932398895150564,0.0030890124242004325,-0.06054605993512745,-0.006092752854941752,0.08169631595001255,0.21578992538184466,0.03003118969828744,0.005869741890438485,0.006829794975601877,0.04470189685968247,-0.0020780404759014547
0.036430024554553866,0.03236417251926051,-0.007348266298868367,-0.007348266298871353,-0.0005004268837508041,0.01651813650598022,0.05643784029152195,-0.005701927277166896,0.030630588557881356,0.0,0.0,0.0,0.0,-0.030092106737508284,-0.03322516683523806,-0.0017714551900295695,0.011139213741551534,-0.030497824317081524,0.04941170189014395,-0.04560622674935515,-0.04396831432826381,0.016112453909170422,-0.0370714854009951,0.014682261258175799,0.0013766914733694513,-0.4887527288931122,-0.04297301893795384,0.06626005249362439,-0.06786697711733669,-0.01031844668506281,0.02499639775525664,-0.39101548311244627,0.007067712031153417,0.010387455498947085,0.06105174768271976,0.1223555239936521,0.022092002115843945,0.0008098137406325368,0.008589013514540177,0.005642966504735281,0.04045854928959451,0.17652930077614198,-0.3173134765219496,0.0030890124242003215,0.04953768540146799,0.004984979608588414,0.08169631595001259,-0.0266706649348347,0.030031189698287063,0.00586974189043823,0.006829794975601678,0.04470189685968236,-0.0020780404759014105
-0.012615633035721085,0.07089294932790476,-0.007348266298868489,-0.007348266298871109,0.005059871824589335,0.0016813988453869388,-0.08291485178631013,-0.005701927277166896,0.03063058855788168,0.0,0.0,0.0,0.0,0.021693863462181384,-0.033225166835237865,-0.0017714551900297692,0.011139213741551624,-0.030497824317081302,0.04941170189014408,0.10151063595216825,0.02931220951569815,0.17723698315952302,0.08251395695531613,-0.03969648052047845,-0.045332483032341366,0.4377927287241622,0.0644595284069305,0.01644046481995287,-0.06786697711733655,-0.01031844668506281,0.024996397755256684,0.2396546509398863,0.007067712031153373,0.01038745549894724,0.061051747682719815,-0.2854962226518561,0.022092002115844122,0.0008098137406325589,0.0085890135145406,0.005642966504735325,0.04045854928959432,0.17652930077614265,0.14932398895150603,-0.30581222999583696,0.04953768540146786,0.004984979608588236,0.08169631595001299,-0.026670664934834765,0.03003118969828713,-0.0430447738632145,0.00682979497560181,0.04470189685968225,-0.0020780404759012327
-0.007166115525690126,-0.16027971152395898,0.23759394366341358,0.23759394366350534,-0.0005004268837504024,0.00575435349441079,-0.08291485178631045,-0.005701927277166939,0.0306305885578814,0.0,0.0,0.0,0.0,0.021693863462181388,0.06689341432577985,0.005175427908125685,0.01113921374155153,-0.030497824317081396,-0.1370475503984119,-0.19272309570648935,-0.043968314328263494,-0.14501208493617856,-0.1566569373654249,0.06906099944806231,0.12429557176744357,-0.2571163644887938,-0.007162169822992293,-0.08319871626835529,0.11391957303349823,0.3336297761503675,-0.8082168607533019,0.2396546509398864,0.007067712031153394,0.010387455498947195,0.06105174768271989,-0.2854962226518555,0.02209200211584389,0.0008098137406324632,0.008589013514540281,0.005642966504735403,0.04045854928959432,0.17652930077614218,-0.31731347652194997,0.003089012424200428,-0.06054605993512772,-0.0060927528549413745,-0.4289056587375663,-0.02667066493483471,0.030031189698287185,0.005869741890438174,0.006829794975601886,0.04470189685968238,-0.0020780404759013493
-0.016702771168243834,-0.006164604289383024,0.23759394366341352,0.2375939436635055,-0.011621024300429873,0.0012731569880721993,-0.08291485178631049,-0.005701927277166996,0.030630588557881387,0.0,0.0,0.0,0.0,0.021693863462181384,-0.011247917312088174,-0.0006136413403373342,0.011139213741551513,-0.030497824317081357,0.04941170189014317,-0.045606226749355175,0.029312209515698517,0.016112453909171064,-0.03707148540099529,0.014682261258176376,0.12429557176744335,-0.2571163644887939,-0.007162169822992459,-0.033379124178556416,-0.06786697711733695,0.3336297761503674,-0.8082168607533016,0.23965465093988625,0.00706771203115335,0.010387455498947196,0.06105174768271957,-0.2854962226518555,0.022092002115843924,0.0008098137406323591,0.00858901351454019,0.005642966504735269,0.04045854928959428,-0.16960658309864612,0.14932398895150606,0.003089012424200427,0.04953768540146801,0.004984979608588636,0.08169631595001273,-0.02667066493483482,0.03003118969828711,0.005869741890438251,0.00682979497560181,0.04470189685968251,0.0127651057805365
0.026893368912000292,0.0516285609235829,-0.007348266298868355,-0.007348266298871353,-0.0005004268837501158,0.0012731569880721327,-0.0829148517863103,-0.0057019272771668735,0.030630588557881477,0.0,0.0,0.0,0.0,0.021693863462181474,-0.01613175053945517,-0.0006136413403373897,0.011139213741551445,-0.030497824317081458,0.04941170189014339,0.10151063595216833,0.02931220951569875,0.016112453909170866,-0.037071485400995495,-0.03969648052047854,0.001376691473369207,-0.025480000084475218,-0.007162169822992559,0.01644046481995305,-0.007271463632574915,-0.010318446685063053,0.02499639775525675,0.23965465093988625,0.0070677120311532175,0.010387455498947285,0.061051747682719704,0.12235552399365208,0.02209200211584399,0.0008098137406326256,-0.2777114369701358,0.005642966504735392,0.04045854928959451,-0.16960658309864637,0.14932398895150562,0.0030890124242002994,0.04953768540146812,0.00498497960858828,0.08169631595001267,-0.0266706649348347,0.030031189698286866,0.005869741890438052,0.006829794975601655,0.04470189685968227,0.0127651057805368
0.015994333891939227,0.09015733773222732,-0.007348266298868489,-0.007348266298871242,0.005059871824588824,0.0012731569880725547,0.09127601331098043,-0.0057019272771669845,0.0306305885578818,0.0,0.0,0.0,0.0,-0.03042905248955826,-0.011247917312087408,-0.0017714551900298136,0.011139213741551478,-0.0304978243170817,0.0494117018901435,-0.19272309570648866,-0.11724883707790848,0.016112453909170998,-0.03707148540099494,0.014682261258176265,0.0677528868054327,-0.2571163644887936,-0.007162169822992626,0.06626005249362435,-0.06786697711733666,-0.010318446685062876,0.02499639775525666,-0.3910154831124461,0.007067712031153373,0.010387455498947217,0.06105174768271952,0.12235552399365242,0.022092002115843945,0.0008098137406324035,0.008589013514540222,0.005642966504735369,0.04045854928959445,-0.16960658309864626,0.14932398895150584,0.003089012424200388,-0.060546059935127315,-0.0060927528549416295,0.08169631595001281,-0.026670664934834686,-0.17017674162362717,0.005869741890438119,0.006829794975601699,0.04470189685968253,-0.0020780404759014105
-0.022152288678273867,-0.08322215790667091,-0.007348266298868483,-0.007348266298871314,0.005059871824589129,0.05006616083554203,-0.08291485178631017,-0.005701927277167007,0.03063058855788166,0.0,0.0,0.0,0.0,0.0216938634621814,-0.04055091667628834,-0.0006136413403369679,0.011139213741551524,0.12199129618776208,-0.13704755039841193,-0.19272309570648935,-0.11724883707790827,-0.3061365995347115,-0.15665693736542496,0.06906099944806268,0.050544243582374485,-0.2571163644887934,-0.04297301893795348,-0.03337912417855655,-0.06786697711733666,-0.010318446685062904,0.024996397755256732,0.2396546509398867,0.007067712031153389,0.010387455498947202,0.06105174768271966,-0.28549622265185537,0.022092002115843862,0.0008098137406324535,0.008589013514540306,0.00564296650473532,0.040458549289594394,-0.16960658309864676,0.14932398895150606,0.0030890124242004434,-0.060546059935127614,-0.006092752854941308,-0.4289056587375665,-0.026670664934834738,0.03003118969828717,0.0058697418904380735,0.006829794975601744,0.04470189685968247,-0.002078040475901305
